"시도교육청","교육지원청","지역","정보공시 학교코드","학교명","학교급코드","설립구분","학교특성","분교여부","설립유형","주야구분","개교기념일","설립일","법정동코드","주소내역","상세주소내역","우편번호","학교도로명 우편번호","학교도로명 주소","학교도로명 상세주소","위도","경도","전화번호","팩스번호","홈페이지 주소","남녀공학 구분","폐교여부","폐교일자","휴교여부"
"교육부","교육부","충청북도 청주시 서원구","S000003528","청주교육대학교부설초등학교","02","국립","","N","부설","주간","19410328","19410328","4311210700","충청북도 청주시 서원구 수곡동","135.","","28690","충청북도 청주시 서원구 청남로 2067",", 청주교육대학교부설초등학교 (수곡동)","36.6173842","127.4846957","043-284-0861","043-284-0878","http://cje.es.kr","남녀공학","N","","N"
"교육부","교육부","충청북도 청주시 흥덕구","S000003536","한국교원대학교부설월곡초등학교","02","국립","","N","부설","주간","19430408","19430408","4311331034","충청북도 청주시 흥덕구 강내면 월곡리","230.","363892","28172","충청북도 청주시 흥덕구 강내면 가로수로 562",", 한국교원대학교부설월곡초등학교 (강내면)","36.6232950149","127.3623695106","043-280-0600","043-231-4231","http://school.cbe.go.kr/wallgok-e/M01/","남녀공학","N","","N"
"충청북도교육청","충청북도괴산증평교육지원청","충청북도 괴산군","S110000278","감물초등학교","02","공립","","N","단설","주간","19330505","19330505","4376031021","충청북도 괴산군 감물면 오성리","81-1.","367893","28006","충청북도 괴산군 감물면 남양동길 38","(감물면)","36.8391229","127.8713183","043-833-9092","043-833-9227","http://school.cbe.go.kr/kammul-e","남녀공학","N","","N"
"충청북도교육청","충청북도괴산증평교육지원청","충청북도 괴산군","S110000286","괴산명덕초등학교","02","공립","","N","단설","주간","19110901","19110901","4376025022","충청북도 괴산군 괴산읍 서부리","335.","367802","28035","충청북도 괴산군 괴산읍 읍내로4길 53",", 괴산명덕초등학교 (괴산읍)","36.8093562","127.787067","043-832-0151","043-832-0154","http://school.cbe.go.kr/gsmyungduk-e","남녀공학","N","","N"
"충청북도교육청","충청북도괴산증평교육지원청","충청북도 증평군","S110000290","도안초등학교","02","공립","","N","단설","주간","19250420","19250420","4374531021","충청북도 증평군 도안면 화성리","87.","368812","27903","충청북도 증평군 도안면 화성로 101","(도안면, 도안초등학교)","36.8170627","127.6111564","043-836-8015","043-836-8920","http://school.cbe.go.kr/doan-e/M01","남녀공학","N","","N"
"충청북도교육청","충청북도괴산증평교육지원청","충청북도 괴산군","S110000293","동인초등학교","02","공립","","N","단설","주간","19620315","19620315","4376025022","충청북도 괴산군 괴산읍 서부리  485",".","367802","28034","충청북도 괴산군 괴산읍 읍내로2길 15-8","(괴산읍)","36.805689","127.789812","043-834-0568","043-834-0572","http://school.cbe.go.kr/dongin-e","남녀공학","N","","N"
"충청북도교육청","충청북도괴산증평교육지원청","충청북도 괴산군","S110000296","목도초등학교","02","공립","","N","단설","주간","19191010","19191010","4376041021","충청북도 괴산군 불정면 목도리","번지.","367911","28002","충청북도 괴산군 불정면 목도로 42-1",", 목도초등학교 (불정면)","36.8743225","127.8541492","043-833-7283","043-833-2236","http://school.cbe.go.kr/mokdo-e","남녀공학","N","","N"
"충청북도교육청","충청북도괴산증평교육지원청","충청북도 괴산군","S110000297","문광초등학교","02","공립","","N","단설","주간","19360615","19360615","4376035021","충청북도 괴산군 문광면 광덕리","294번지.","367851","28057","충청북도 괴산군 문광면 괴산로 3446",", 문광초등학교 (문광면)","36.7901458452","127.783750311","043-832-2847","043-834-0396","http://school.cbe.go.kr/munkwang-e","남녀공학","N","","N"
"충청북도교육청","충청북도괴산증평교육지원청","충청북도 괴산군","S110000298","문광초등학교덕평분교장","02","공립","","Y","","주간","","","4376036040","충청북도 괴산군 청천면 덕평리","280.","367842","","","","","","016-457-9247","043-833-6291","","","Y","20110228","N"
"충청북도교육청","충청북도괴산증평교육지원청","충청북도 괴산군","S110000300","백봉초등학교","02","공립","","N","병설","주간","19430401","19430401","4376037030","충청북도 괴산군 청안면 부흥리","428.","367834","28053","충청북도 괴산군 청안면 질마로 1456",", 백봉초등학교 (청안면)","36.7071881","127.7271233","043-832-9007","043-832-9772","school.cbe.go.kr/baekbong-e","남녀공학","N","","N"
"충청북도교육청","충청북도괴산증평교육지원청","충청북도 괴산군","S110000303","보광초등학교","02","공립","","N","단설","주간","19360616","19360616","4376039021","충청북도 괴산군 사리면 사담리","516-1.","28046","28046","충청북도 괴산군 사리면 사리로 246",", 보광초등학교 (사리면,보광초등학교) (사리면)","36.8180883","127.6498526","043-836-7188","043-836-6187","http://school.cbe.go.kr/bokwang-e/","남녀공학","N","","N"
"충청북도교육청","충청북도괴산증평교육지원청","충청북도 괴산군","S110000305","보광초등학교화곡분교장","02","공립","","Y","단설","주간","20120616","19360616","4376039027","충청북도 괴산군 사리면 이곡리","452.","367823","367823","충청북도 괴산군 사리면 모래재로 941",", 보광초등학교 화곡분교 (사리면,보광초등학교화곡분교)","","","043-833-3198","043-833-3712","http://www.bokwang.es.kr","남녀공학","Y","20130301","N"
"충청북도교육청","충청북도괴산증평교육지원청","충청북도 증평군","S110000308","삼보초등학교","02","공립","","N","단설","주간","19590429","19590401","4374525030","충청북도 증평군 증평읍 초중리","11-19번지.","368910","27943","충청북도 증평군 증평읍 삼보로 140","(증평읍)","36.778503","127.578829","043-836-7991","043-838-1730","school.cbe.go.kr/sambo-e","남녀공학","N","","N"
"충청북도교육청","충청북도괴산증평교육지원청","충청북도 괴산군","S110000311","소수초등학교","02","공립","","N","단설","주간","19310713","19310626","4376040021","충청북도 괴산군 소수면 수리","554.","367922","28041","충청북도 괴산군 소수면 소수로 131","(소수면)","36.8540109","127.74523","043-832-8005","043-832-8506","http://school.cbe.go.kr/sosu-e","남녀공학","N","","N"
"충청북도교육청","충청북도괴산증평교육지원청","충청북도 괴산군","S110000314","송면초등학교","02","공립","","N","병설","주간","19440408","19440408","4376036047","충청북도 괴산군 청천면 송면리","116-2.","367847","28065","충청북도 괴산군 청천면 송면2길 13","(청천면, 송면초등학교)","36.6741623","127.8607504","043-833-8308","043-833-8446","school.cbe.go.kr/songmyeon-e/","남녀공학","N","","N"
"충청북도교육청","충청북도괴산증평교육지원청","충청북도 괴산군","S110000323","연풍초등학교","02","공립","","N","단설","주간","19120401","19120401","4376033021","충청북도 괴산군 연풍면 삼풍리 162","번지.","367880","28013","충청북도 괴산군 연풍면 중앙로 53","(연풍면,연풍초등학교)","36.7630771","127.9970584","043-834-5152","043-833-3686","http://school.cbe.go.kr/yunpung-e/M01","남녀공학","N","","N"
"충청북도교육청","충청북도괴산증평교육지원청","충청북도 괴산군","S110000333","장연초등학교","02","공립","","N","단설","주간","19360523","19360523","4376032021","충청북도 괴산군 장연면 오가리","349번지.","367872","28009","충청북도 괴산군 장연면 미선로오가5길 1",", 장연초등학교 (장연면)","36.8249161","127.9551834","043-832-7181","043-832-8183","http://school.cbe.go.kr/jangyeon-e","남녀공학","N","","N"
"충청북도교육청","충청북도괴산증평교육지원청","충청북도 증평군","S110000338","죽리초등학교","02","공립","","N","단설","주간","19530401","19390730","4374525039","충청북도 증평군 증평읍 죽리","308.","368902","27950","충청북도 증평군 증평읍 남하길 233","(증평읍)","36.753563","127.6121081","043-838-8891","043-838-8892","http://school.cbe.go.kr/jukri-e/M01","남녀공학","N","","N"
"충청북도교육청","충청북도괴산증평교육지원청","충청북도 증평군","S110000340","증평초등학교","02","공립","","N","단설","주간","19300419","19300419","4374525021","충북 증평군 증평읍 증평리","480번지.","368902","27935","충청북도 증평군 증평읍 광장로 152",", 증평초등학교 (증평읍)","36.7815754","127.5878596","043-838-0592","043-838-0594","http://school.cbe.go.kr/jp-e","남녀공학","N","","N"
"충청북도교육청","충청북도괴산증평교육지원청","충청북도 괴산군","S110000341","청안초등학교","02","공립","","N","단설","주간","19111103","19111103","4376037021","충청북도 괴산군 청안면 읍내리","221.","367831","28050","충청북도 괴산군 청안면 청안읍내로3길 8",", 청안초등학교 (청안면)","36.7723749","127.6391812","043-836-9084","043-838-2086","http://school.cbe.go.kr/cheongan-e","남녀공학","N","","N"
"충청북도교육청","충청북도괴산증평교육지원청","충청북도 괴산군","S110000342","청천초등학교","02","공립","","N","단설","주간","19210412","19210412","4376036021","충청북도 괴산군 청천면 청천리","77-1.","367843","28063","충청북도 괴산군 청천면 청천6길 10","(청천면, 청천초등학교)","36.6614608","127.7374611","043-832-4081","043-832-4082","http://school.cbe.go.kr/cheongcheon-e","남녀공학","N","","N"
"충청북도교육청","충청북도괴산증평교육지원청","충청북도 괴산군","S110000344","추산초등학교","02","공립","","N","병설","주간","19370723","19370723","4376041024","충청북도 괴산군 불정면 추산리","575-1.","367911","367911","충청북도 괴산군 불정면 동추산길 1","(불정면,추산초등학교)","36.9025162","127.8170217","8334357","043-833-4332","http://www.chusan-cb.es.kr/","남녀공학","Y","20170301","N"
"충청북도교육청","충청북도괴산증평교육지원청","충청북도 괴산군","S110000346","칠성초등학교","02","공립","","N","단설","주간","19290503","19290503","4376034021","충청북도 괴산군 칠성면 도정리","311번지.","367862","28019","충청북도 괴산군 칠성면 칠성로 26","(칠성면)","36.785598","127.862385","043-832-5711","043-832-2534","http://school.cbe.go.kr/chilseong-e","남녀공학","N","","N"
"충청북도교육청","충청북도단양교육지원청","충청북도 단양군","S110000358","가곡초등학교","02","공립","","N","단설","주간","19340626","19340626","4380032021","충청북도 단양군 가곡면 사평리","435번지.","395821","27021","충청북도 단양군 가곡면 남한강로 548",", 가곡초등학교 (가곡면)","37.0268943839","128.3855597252","043-422-8010","043-422-5016","http://school.cbe.go.kr/gagok-e/","남녀공학","N","","N"
"충청북도교육청","충청북도단양교육지원청","충청북도 단양군","S110000359","가곡초등학교대곡분교장","02","공립","","Y","단설","주간","19540410","19540410","4380032025","충청북도 단양군 가곡면 대대리","220-1.","395822","27023","충청북도 단양군 가곡면 대대길 51",", 가곡초등학교대곡분교장 (가곡면)","36.9980080834","128.4270379165","043-422-8016","043-422-8006","？？http://school.cbe.go.kr/gagok-e/","남녀공학","N","","N"
"충청북도교육청","충청북도단양교육지원청","충청북도 단양군","S110000360","가곡초등학교보발분교장","02","공립","","Y","단설","주간","19451001","19451001","4380032027","충청북도 단양군 가곡면 보발리","711-1.","395823","27022","충청북도 단양군 가곡면 보발본동1길 17",", 가곡초등학교 보발분교장 (가곡면)","37.0295392084","128.4487679052","043-422-8017","043-422-8618","？？http://school.cbe.go.kr/gagok-e/","남녀공학","N","","N"
"충청북도교육청","충청북도단양교육지원청","충청북도 단양군","S110000364","가평초등학교","02","공립","","N","단설","주간","19460920","19460920","4380025332","충청북도 단양군 매포읍 가평리","181-2번지.","395901","27002","충청북도 단양군 매포읍 가평길 58","(매포읍)","37.0729273","128.2825971","043-423-5255","043-423-0553","https://school.cbe.go.kr/kapyeong-e/M01","남녀공학","N","","N"
"충청북도교육청","충청북도단양교육지원청","충청북도 단양군","S110000368","단양초등학교","02","공립","","N","단설","주간","19090203","19090203","4380025026","충청북도 단양군 단양읍 도전리","405.","395804","27012","충청북도 단양군 단양읍 도전2길 15",", 단양초등학교 (단양읍)","36.9","128.3","043-421-2655","043-423-1729","school.cbe.go.kr/danyang-e","남녀공학","N","","N"
"충청북도교육청","충청북도단양교육지원청","충청북도 단양군","S110000373","단천초등학교","02","공립","","N","단설","주간","19660302","19660302","4380036021","충청북도 단양군 단성면 북상리","108.","395863","27027","충청북도 단양군 단성면 북상하리길 53",", 단천초등학교 (단성면)","36.9","128.3","043-422-0597","043-422-6270","http://school.cbe.go.kr/dancheon-e/","남녀공학","N","","N"
"충청북도교육청","충청북도단양교육지원청","충청북도 단양군","S110000374","단천초등학교가산분교장","02","공립","","Y","단설","주간","19461020","19461020","4380036033","충청북도 단양군 단성면 가산리","290.","395861","27026","충청북도 단양군 단성면 선암계곡로 1092","(단성면,단천초등학교가산분교장)","36.8","128.3","043-422-1503","043-422-1514","http://www.dancheon.es.kr","남녀공학","Y","20190228","N"
"충청북도교육청","충청북도단양교육지원청","충청북도 단양군","S110000376","대가초등학교","02","공립","","N","단설","주간","19410331","19410331","4380035030","충청북도 단양군 적성면 대가리","191번지.","395851","27000","충청북도 단양군 적성면 적성로 453","(적성면)","37.03332","128.26259","043-422-1987","043-422-4293","http://school.cbe.go.kr/taega-e/M01","남녀공학","N","","N"
"충청북도교육청","충청북도단양교육지원청","충청북도 단양군","S110000377","대강초등학교","02","공립","","N","단설","주간","19290415","19290415","4380031021","충청북도 단양군 대강면 장림리","91.","395813","27027","충청북도 단양군 대강면 대강로 6",", 대강초등학교 (대강면)","36.9","128.3","043-422-9416","043-422-9962","http://school.cbe.go.kr/daegang-e","남녀공학","N","","N"
"충청북도교육청","충청북도단양교육지원청","충청북도 단양군","S110000378","대강초등학교장정분교장","02","공립","","Y","단설","주간","19250401","19250401","4380031041","충청북도 단양군 대강면 장정리","30.","27029","27029","충청북도 단양군 대강면 온천로 719-7",", 대강초등학교 장정분교장 (대강면)","36.846353","128.395503","043-422-1258","043-422-1259","www.daegang.es.kr","남녀공학","Y","20170701","N"
"충청북도교육청","충청북도단양교육지원청","충청북도 단양군","S110000387","매포초등학교","02","공립","","N","단설","주간","19230605","19230605","4380025327","",".","","27005","충청북도 단양군 매포읍 단양로 1929","(매포읍,매포초등학교)","37.0344410625","128.30168006","043-422-4132","043-422-8177","http://www.maepo.es.kr","남녀공학","N","","N"
"충청북도교육청","충청북도단양교육지원청","충청북도 단양군","S110000388","별방초등학교","02","공립","","N","단설","주간","19430418","19430418","4380033031","충청북도 단양군 영춘면 별방리","540번지.","27017","27017","충청북도 단양군 영춘면 별방창원로 449",", 별방초중학교 (영춘면,별방초중교)","37.0966672","128.4156351","043-422-8823","043-422-9560","http://www.byolbang.ms.kr/","남녀공학","Y","20220228","N"
"충청북도교육청","충청북도단양교육지원청","충청북도 단양군","S110000393","상진초등학교","02","공립","","N","단설","주간","19881005","19881005","4380025027","충청북도 단양군 단양읍 상진리","734.","395806","27013","충청북도 단양군 단양읍 상진12길 17","(단양읍, 상진초등학교)","36.9792332","128.3566303","043-421-5301","043-421-5388","school.cbe.go.kr/sangjincho-e","남녀공학","N","","N"
"충청북도교육청","충청북도단양교육지원청","충청북도 단양군","S110000396","어상천초등학교","02","공립","","N","단설","주간","19320406","19320406","4380034021","충청북도 단양군 어상천면 임현리","456-1.","27015","27015","충청북도 단양군 어상천면 어상천로 930",", 어상천초등학교 (어상천면)","37.1029272072","128.3580199182","043-423-6007","043-423-2060","http://school.cbe.go.kr/eosangcheon-e","남녀공학","N","","N"
"충청북도교육청","충청북도단양교육지원청","충청북도 단양군","S110000404","영춘초등학교","02","공립","","N","단설","주간","19060601","19060601","4380033021","충청북도 단양군 영춘면 상리","640.","27018","27018","충청북도 단양군 영춘면 온달평강로 63-6","(영춘면,영춘초등학교)","37.0804082","128.482931","043-423-7006","043-423-3331","http://school.cbe.go.kr/yeongchun-e","남녀공학","N","","N"
"충청북도교육청","충청북도보은교육지원청","충청북도 보은군","S110000422","관기초등학교","02","공립","","N","단설","주간","19201010","19201010","4372033021","충청북도 보은군 마로면 관기리","294번지.","376853","28963","충청북도 보은군 마로면 관기송현로 109","(마로면, 관기초등학교)","36.435985","127.821363","043-543-5093","043-543-5095","school.cbe.go.kr/kwangi-e","남녀공학","N","","N"
"충청북도교육청","충청북도보은교육지원청","충청북도 보은군","S110000427","내북초등학교","02","공립","","N","단설","주간","19330401","19321221","4372039032","충청북도 보은군 내북면 화전리","5-1.","28906","28906","충청북도 보은군 내북면 화전길 20",", 내북초등학교 (내북면)","36.575803","127.6519123","043-542-0245","043-542-0742","http://school.cbe.go.kr/cbnaebuk-e","남녀공학","N","","N"
"충청북도교육청","충청북도보은교육지원청","충청북도 보은군","S110000431","동광초등학교","02","공립","","N","단설","주간","19660603","19660603","4372025024","충청북도 보은군 보은읍 교사리","(보은읍,동광초등학교).","376803","28942","충청북도 보은군 보은읍 동광길 26",", 동광초등학교 (보은읍)","36.4880528","127.7188023","043-543-2621","043-543-1971","school.cbe.go.kr/boeundonggwang-e","남녀공학","N","","N"
"충청북도교육청","충청북도보은교육지원청","충청북도 보은군","S110000444","산외초등학교","02","공립","","N","단설","주간","19260420","19260331","4372040021","충청북도 보은군 산외면 구티리","52-2.","376872","28903","충청북도 보은군 산외면 구티1길 27","(산외면,산외초등학교)","36.5526304","127.7315897","043-542-4006","043-542-2923","school.cbe.go.kr/sanoe-e","남녀공학","N","","N"
"충청북도교육청","충청북도보은교육지원청","충청북도 보은군","S110000448","보은삼산초등학교","02","공립","","N","단설","주간","19090901","19090901","4372025021","충청북도 보은군 보은읍 삼산리","156-3.","376807","28947","충청북도 보은군 보은읍 보은로 109-6","(보은읍)","36.4848393","127.7167805","043-543-2618","043-543-5711","http://school.cbe.go.kr/samsan-e/","남녀공학","N","","N"
"충청북도교육청","충청북도보은교육지원청","충청북도 보은군","S110000452","세중초등학교","02","공립","","N","단설","주간","19350401","19350401","4372033024","충청북도 보은군 마로면 세중리","575-2.","376851","28966","충청북도 보은군 마로면 세중1길 2","(마로면,세중초등학교)","36.388582","127.829475","043-542-3600","043-542-4546","http://school.cbe.go.kr/sejung-e","남녀공학","N","","N"
"충청북도교육청","충청북도보은교육지원청","충청북도 보은군","S110000454","속리초등학교","02","공립","","N","단설","주간","19300418","19300418","4372032530","",".","","28912","충청북도 보은군 장안면 장안2길 2","(장안면, 속리초등학교)","36.4709047","127.7893663","043-542-5800","043-542-5486","http://school.cbe.go.kr/sokri-e","남녀공학","N","","N"
"충청북도교육청","충청북도보은교육지원청","충청북도 보은군","S110000456","송죽초등학교","02","공립","","N","단설","주간","19670831","19670831","4372035025","충청북도 보은군 삼승면 송죽리","192-4.","376823","28923","충청북도 보은군 삼승면 남부로 3927","(삼승면)","36.4","127.7","043-542-6509","043-543-0008","http://school.cbe.go.kr/songzuk-e","남녀공학","Y","20220228","N"
"충청북도교육청","충청북도보은교육지원청","충청북도 보은군","S110000457","수정초등학교","02","공립","","N","단설","주간","19701124","19701124","4372031527","충청북도 보은군 속리산면 사내리","181번지.","376863","28908","충청북도 보은군 속리산면 사내1길 125",", 수정초등학교 (속리산면)","36.535851","127.8213316","043-543-3775","043-543-5864","http://school.cbe.go.kr/sjeong-e","남녀공학","N","","N"
"충청북도교육청","충청북도보은교육지원청","충청북도 보은군","S110000460","수정초등학교삼가분교장","02","공립","","Y","병설","주간","19460930","19460930","4372031528","충청북도 보은군 속리산면 삼가리","140번지.","376861","28909","충청북도 보은군 속리산면 삼가구병길 9","(속리산면)","36.490951","127.860038","043-542-5385","043-543-0599","http://sjeong.es.kr/","남녀공학","Y","20180301","N"
"충청북도교육청","충청북도보은교육지원청","충청북도 보은군","S110000461","수한초등학교","02","공립","","N","단설","주간","19350703","19350703","4372036024","충청북도 보은군 수한면 소계리","17-2.","376881","28921","충청북도 보은군 수한면 안내보은로 1022","(수한면, 수한초등학교)","36.4585296","127.7013256","043-542-4562","043-542-4561","school.cbe.go.kr/suhan-e","남녀공학","N","","N"
"충청북도교육청","충청북도보은교육지원청","충청북도 보은군","S110000466","종곡초등학교","02","공립","","N","단설","주간","19460913","19460901","4372025039","충청북도 보은군 보은읍 강신리","54번지.","376802","28915","충청북도 보은군 보은읍 강신1길 12-7","","36.501991","127.7498152","043-544-2623","043-543-1797","http://school.cbe.go.kr/jonggok-e","남녀공학","N","","N"
"충청북도교육청","충청북도보은교육지원청","충청북도 보은군","S110000468","탄부초등학교","02","공립","","N","단설","주간","19350703","19350703","4372034024","",".","","28961","충청북도 보은군 탄부면 덕동벽지길 13",", 탄부초등학교 (탄부면)","36.4253032","127.7768703","043-542-7640, 7642","043-542-0451","http://school.cbe.go.kr/tanbu-e","남녀공학","N","","N"
"충청북도교육청","충청북도보은교육지원청","충청북도 보은군","S110000470","판동초등학교","02","공립","","N","단설","주간","19650301","19650301","4372035022","",".","","28926","충청북도 보은군 삼승면 삼승탄부로 78-15","(삼승면,판동초등학교)","36.3986132275","127.7413878747","043-543-8501","043-543-8502","https://school.cbe.go.kr/pandong-e","남녀공학","N","","N"
"충청북도교육청","충청북도보은교육지원청","충청북도 보은군","S110000472","회남초등학교","02","공립","","N","단설","주간","19340618","19340618","4372037029","충청북도 보은군 회남면 거교리","249번지.","376911","28931","충청북도 보은군 회남면 회남로 1901-1","(회남면)","36.4462101737","127.5797754685","043-542-8423","043-543-0866","http://www.hoenam.es.kr","남녀공학","N","","N"
"충청북도교육청","충청북도보은교육지원청","충청북도 보은군","S110000478","회인초등학교","02","공립","","N","단설","주간","19060401","19060401","4372038521","충북 보은군 회인면 중앙리","96.","376893","28929","충청북도 보은군 회인면 회인로1길 10-8",", 회인초등학교 (회인면)","36.491649","127.59576","043-542-9262","043-543-5556","http://school.cbe.go.kr/hoein-e","남녀공학","N","","N"
"충청북도교육청","충청북도영동교육지원청","충청북도 영동군","S110000501","매곡초등학교","02","공립","","N","단설","주간","19350527","19350527","4374034021","충청북도 영동군 매곡면 노천리","53-1번지.","370872","29121","충청북도 영동군 매곡면 민주지산로 3609","(매곡면)","36.192674","127.932217","043-743-2181","043-743-5618","http://school.cbe.go.kr/maegok-e","남녀공학","N","","N"
"충청북도교육청","충청북도영동교육지원청","충청북도 영동군","S110000503","미봉초등학교","02","공립","","N","단설","주간","19440331","19440331","4374036028","충청북도 영동군 양강면 유점리","697-3.","370813","370813","충청북도 영동군 양강면 학산영동로 495",", 미봉초등학교 (양강면,미봉초등학교)","36.1279811241","127.7272058774","043-743-8079","043-744-3954","www.mibong.es.kr","남녀공학","Y","20180301","N"
"충청북도교육청","충청북도영동교육지원청","충청북도 영동군","S110000508","부용초등학교","02","공립","","N","단설","주간","19650305","19640804","4374025028","충청북도 영동군 영동읍 부용리","225번지.","29153","29153","충청북도 영동군 영동읍 학산영동로 1155","(영동읍)","36.1672736","127.7671265","043-742-0031","043-742-8312","http://school.cbe.go.kr/puyong-e","남녀공학","N","","N"
"충청북도교육청","충청북도영동교육지원청","충청북도 영동군","S110000512","상촌초등학교","02","공립","","N","단설","주간","19230516","19230516","4374035021","충청북도 영동군 상촌면 임산리","357-1.","370882","29123","충청북도 영동군 상촌면 임산2길 20","(상촌면, 상촌초등학교)","36.147649","127.911363","043-743-3516","043-743-5167","http://school.cbe.go.kr/sangchon-e","남녀공학","N","","N"
"충청북도교육청","충청북도영동교육지원청","충청북도 영동군","S110000519","심천초등학교","02","공립","","N","단설","주간","19390501","19390501","4374040021","충청북도 영동군 심천면 심천리","524-1.","370854","29103","충청북도 영동군 심천면 심천로 52",", 심천초등학교 (심천면)","36.2346941","127.7249104","043-742-6085","043-742-8580","http://school.cbe.go.kr/shimchon-e/","남녀공학","N","","N"
"충청북도교육청","충청북도영동교육지원청","충청북도 영동군","S110000522","양강초등학교","02","공립","","N","단설","주간","19300415","19300415","4374036034","충청북도 영동군 양강면 묘동리","331-2.","370811","29155","충청북도 영동군 양강면 학산영동로 817","(양강면)","36.1458930203","127.7477223811","043-743-4881","043-742-0363","https://school.cbe.go.kr/yangkang-e","남녀공학","N","","N"
"충청북도교육청","충청북도영동교육지원청","충청북도 영동군","S110000524","양산초등학교","02","공립","","N","단설","주간","19100325","19100325","4374039021","충청북도 영동군 양산면 가곡리","293-2.","370831","29161","충청북도 영동군 양산면 금강로 1500","(양산면, 양산초등학교)","36.124489","127.666332","043-745-9390","043-743-9218","http://school.cbe.go.kr/ys2000-e","남녀공학","N","","N"
"충청북도교육청","충청북도영동교육지원청","충청북도 영동군","S110000527","구룡초등학교","02","공립","","N","단설","주간","19450428","19450310","4374031021","충청북도 영동군 용산면 구촌리","141-1.","29110","29110","충청북도 영동군 용산면 용산로 366",", 구룡초등학교 (용산면,구룡초교)","36.263959","127.827999","043-742-9010","043-742-4277","http://school.cbe.go.kr/kuryong-e","남녀공학","N","","N"
"충청북도교육청","충청북도영동교육지원청","충청북도 영동군","S110000528","영동초등학교","02","공립","","N","단설","주간","19080505","19080505","4374025021","충청북도 영동군 영동읍 계산리","674-4.","370802","29144","충청북도 영동군 영동읍 영동천2길 47","(영동읍)","36.172676","127.779213","043-740-2470","043-742-4685","http://school.cbe.go.kr/yde-e/","남녀공학","N","","N"
"충청북도교육청","충청북도영동교육지원청","충청북도 영동군","S110000535","용화초등학교","02","공립","","N","단설","주간","19350525","19350430","4374037021","충청북도 영동군 용화면 용화리","760.","29158","29158","충청북도 영동군 용화면 용화양강로 32","(용화면 용화초등학교)","36.023608","127.76585","043-743-7006","043-743-1737","http://www.yonghwacho.es.kr/","남녀공학","N","","N"
"충청북도교육청","충청북도영동교육지원청","충청북도 영동군","S110000539","이수초등학교","02","공립","","N","단설","주간","19460901","19460901","4374025021","충청북도 영동군 영동읍 계산리","485-1.","370802","29146","충청북도 영동군 영동읍 영산로4길 9",", 이수초등학교 (영동읍)","36.178548","127.776565","043-744-0140","043-744-4464","http://school.cbe.go.kr/isu-e","남녀공학","N","","N"
"충청북도교육청","충청북도영동교육지원청","충청북도 영동군","S110000548","추풍령초등학교","02","공립","","N","병설","주간","19230223","19230223","4374033524","충청북도 영동군 추풍령면 추풍령리","375-1.","370893","29120","충청북도 영동군 추풍령면 추풍령로2길 7","(추풍령면,추풍령초등학교)","36.2150512","127.9965612","043-742-2781","043-742-7780","http://school.cbe.go.kr/chupungryong-e","남녀공학","N","","N"
"충청북도교육청","충청북도영동교육지원청","충청북도 영동군","S110000552","학산초등학교","02","공립","","N","단설","주간","19320423","19320423","4374038021","충청북도 영동군 학산면 서산리","738-1.","370821","29166","충청북도 영동군 학산면 서산동길 12-9","(학산면)","36.091782","127.686081","043-743-6397","043-743-9173","http://school.cbe.go.kr/haksan-e","남녀공학","N","","N"
"충청북도교육청","충청북도영동교육지원청","충청북도 영동군","S110000555","황간초등학교","02","공립","","N","단설","주간","19060401","19060401","4374032021","충청북도 영동군 황간면 남성리","167-1.","29115","29115","충청북도 영동군 황간면 남성1길 25","(황간면,황간초등학교)","36.2273889","127.9129645","043-742-4088","043-742-2214","http://school.cbe.go.kr/hwanggan-e","남녀공학","N","","N"
"충청북도교육청","충청북도옥천교육지원청","충청북도 옥천군","S110000566","군남초등학교","02","공립","","N","단설","주간","19640409","19640409","4373025030","충청북도 옥천군 옥천읍 서대리","279.","373805","29055","충청북도 옥천군 옥천읍 서대구일로 10","(옥천읍)","36.2781695","127.5816616","043-733-6357","043-733-6358","http://www.good.es.kr","남녀공학","N","","N"
"충청북도교육청","충청북도옥천교육지원청","충청북도 옥천군","S110000569","군서초등학교","02","공립","","N","단설","주간","19090615","19090615","4373037021","충청북도 옥천군 군서면 동평리","551.","373841","29059","충청북도 옥천군 군서면 성왕로 517","(군서면)","36.2784586979","127.5275736442","043-733-5607","043-733-5606","http://kunso.es.kr","남녀공학","N","","N"
"충청북도교육청","충청북도옥천교육지원청","충청북도 옥천군","S110000574","동이초등학교","02","공립","","N","단설","주간","19360420","19360420","4373031021","충청북도 옥천군 동이면 평산리","72-1.","373831","29024","충청북도 옥천군 동이면 평산길 6",", 동이초등학교 (동이면)","36.2861191","127.6190703","043-732-7268","043-733-5451","http://school.cbe.go.kr/dongi-e","남녀공학","N","","N"
"충청북도교육청","충청북도옥천교육지원청","충청북도 옥천군","S110000575","동이초등학교우산분교장","02","공립","","Y","단설","주간","19650301","19650301","4373031030","충청북도 옥천군 동이면 우산리","825.","373832","29022","충청북도 옥천군 동이면 우산로2길 23","(동이면, 동이 우산분교)","36.2777754","127.6813889","043-732-3400","043-733-4386","http://school.cbe.go.kr/dongi-e","남녀공학","N","","N"
"충청북도교육청","충청북도옥천교육지원청","충청북도 옥천군","S110000577","삼양초등학교","02","공립","","N","단설","주간","19460401","19460401","4373025034","충청북도 옥천군 옥천읍 마암리","5-1.","373808","29047","충청북도 옥천군 옥천읍 성암1길 9","(옥천읍)","36.2976249","127.5685373","043-733-5052","043-733-5051","http://school.cbe.go.kr/samyang-e/M01","남녀공학","N","","N"
"충청북도교육청","충청북도옥천교육지원청","충청북도 옥천군","S110000580","안남초등학교","02","공립","","N","단설","주간","19340422","19340422","4373032021","",".","","29010","충청북도 옥천군 안남면 연주길 60",", 안남초등학교 (안남면)","36.3552837","127.6720761","043-732-7005","043-733-3725","http://school.cbe.go.kr/annam-e","남녀공학","N","","N"
"충청북도교육청","충청북도옥천교육지원청","충청북도 옥천군","S110000581","안내초등학교","02","공립","","N","단설","주간","19210502","19210502","4373033021","충청북도 옥천군 안내면 현리","117-2.","373813","29006","충청북도 옥천군 안내면 현리길 74",", 안내초등학교 (안내면)","36.3951404","127.660675","043-732-6014","043-733-3723","https://school.cbe.go.kr/anne-e/","남녀공학","N","","N"
"충청북도교육청","충청북도옥천교육지원청","충청북도 옥천군","S110000586","대성초등학교","02","공립","","N","단설","주간","19461015","19461015","4373036025","충청북도 옥천군 이원면 의평리","276-2.","373862","373862","충청북도 옥천군 이원면 이원로 443","(이원면,관공서(대성초등학교))","","","043-732-2249","043-733-4389","http://www.dsung.es.kr","남녀공학","Y","20140301","N"
"충청북도교육청","충청북도옥천교육지원청","충청북도 옥천군","S110000593","이원초등학교","02","공립","","N","단설","주간","19200401","19200401","4373036023","충청북도 옥천군 이원면 강청리","14-7.","373861","29061","충청북도 옥천군 이원면 신흥길 25","(이원면)","36.2468245","127.6226835","043-732-2015","043-733-3808","school.cbe.go.kr/iwon-e","남녀공학","N","","N"
"충청북도교육청","충청북도옥천교육지원청","충청북도 옥천군","S110000594","이원초등학교지탄분교장","02","공립","","Y","단설","주간","19340501","19340501","4373036034","충청북도 옥천군 이원면 지탄리","754-1.","373863","","","","36.2433484","127.68195","043-732-2451","043-733-4624","","남녀공학","Y","20120301","N"
"충청북도교육청","충청북도옥천교육지원청","충청북도 옥천군","S110000595","죽향초등학교","02","공립","","N","단설","주간","19091001","19091001","4373025022","충청북도 옥천군 옥천읍 문정리","83번지.","373803","29030","충청북도 옥천군 옥천읍 향수1길 26","(옥천읍)","36.3134729","127.5775235","043-732-1397","043-733-4716","http://school.cbe.go.kr/jukhyang-e/","남녀공학","N","","N"
"충청북도교육청","충청북도옥천교육지원청","충청북도 옥천군","S110000597","증약초등학교","02","공립","","N","단설","주간","19390301","19390301","4373038023","충청북도 옥천군 군북면 증약리","641.","373851","29000","충청북도 옥천군 군북면 옥천로 1006-22","(군북면)","36.3340461768","127.523626693","043-733-6311","043-733-6312","http://www.jngyak.es.kr/","남녀공학","N","","N"
"충청북도교육청","충청북도옥천교육지원청","충청북도 옥천군","S110000599","증약초등학교대정분교장","02","공립","","Y","단설","주간","19350820","19350820","4373038025","충청북도 옥천군 군북면 대정리","577.","373851","29002","충청북도 옥천군 군북면 방아실길 3-2",", 증약초등학교대정분교장 (군북면)","36.389656","127.5384752","043-732-5428","043-733-5726","http://www.jngyak.es.kr","남녀공학","N","","N"
"충청북도교육청","충청북도옥천교육지원청","충청북도 옥천군","S110000604","청산초등학교","02","공립","","N","단설","주간","19050401","19050401","4373035021","충청북도 옥천군 청산면 지전리","34 번지.","373874","29013","충청북도 옥천군 청산면 지전길 36-19",", 청산초등학교 (청산면)","36.3472404","127.7934375","043-732-8006","043-733-3750","http://school.cbe.go.kr/bestedu-e","남녀공학","N","","N"
"충청북도교육청","충청북도옥천교육지원청","충청북도 옥천군","S110000607","청성초등학교","02","공립","","N","단설","주간","19320321","19320321","4373034021","충청북도 옥천군 청성면 산계리","234.","373881","29017","충청북도 옥천군 청성면 산계길 63",", 청성초등학교 (청성면)","36.3289155","127.75938","043-732-9022","043-733-3833","http://school.cbe.go.kr/okcheongseong-e","남녀공학","N","","N"
"충청북도교육청","충청북도음성교육지원청","충청북도 음성군","S110000624","감곡초등학교","02","공립","","N","단설","주간","19230612","19230612","4377037021","충청북도 음성군 감곡면 오향리","489-2.","369854","27610","충청북도 음성군 감곡면 장감로 207",", 감곡초등학교 (감곡면)","37.1160085","127.6444818","043-881-2023","043-881-0806","http://school.cbe.go.kr/gamgok-e/","남녀공학","N","","N"
"충청북도교육청","충청북도음성교육지원청","충청북도 음성군","S110000627","남신초등학교","02","공립","","N","병설","주간","19680301","19680301","4377025021","충청북도 음성군 음성읍 읍내리","757-6.","369806","27704","충청북도 음성군 음성읍 설성로 33-20",", (음성읍,남신초등학교(병설유치원))","36.932343","127.684785","043-872-4028","043-872-9787","http://school.cbe.go.kr/namshin-e","남녀공학","N","","N"
"충청북도교육청","충청북도음성교육지원청","충청북도 음성군","S110000628","남신초등학교덕생분교장","02","공립","","Y","단설","주간","19950301","19350716","4377025032","충청북도 음성군 음성읍 삼생리","94번지.","369802","","","","36.914176","127.6233688","043-873-4885","043-873-1842","http://www.namshin.es.kr","남녀공학","Y","","N"
"충청북도교육청","충청북도음성교육지원청","충청북도 음성군","S110000629","능산초등학교","02","공립","","N","단설","주간","19430405","19430405","4377035030","충청북도 음성군 삼성면 능산리","203.","369831","27648","충청북도 음성군 삼성면 금율로389번길 30",", 능산초등학교 (삼성면)","37.0401837842","127.5383230234","043-878-5473","043-878-8616","https://school.cbe.go.kr/neungsan-e/M01/","남녀공학","Y","20230301","N"
"충청북도교육청","충청북도음성교육지원청","충청북도 음성군","S110000630","대소초등학교","02","공립","","N","단설","주간","19290501","19290320","4377034021","충북 음성군 대소면 오산리","186-1.","369824","27668","충청북도 음성군 대소면 오태로 110-12",", 대소초등학교 (대소면)","36.9670561","127.4859694","043-881-7009","043-877-5993","http://www.daeeso.es.kr/","남녀공학","N","","N"
"충청북도교육청","충청북도음성교육지원청","충청북도 음성군","S110000631","대장초등학교","02","공립","","N","병설","주간","19470401","19470401","4377031021","충청북도 음성군 소이면 대장리","374.","369872","27712","충청북도 음성군 소이면 장금로 79",", 대장초등학교 (소이면)","36.9237316","127.7519721","043-872-5014","043-873-2385","http://daejang.es.kr","남녀공학","Y","20190301","N"
"충청북도교육청","충청북도음성교육지원청","충청북도 음성군","S110000633","맹동초등학교","02","공립","","N","단설","주간","19230618","19230328","4377033021","충청북도 음성군 맹동면 쌍정리","94번지.","369811","27733","충청북도 음성군 맹동면 대동로 9",", 맹동초등학교 (맹동면)","36.926959","127.5633329","043-878-9013","043-877-2648","http://school.cbe.go.kr/maengdong-e","남녀공학","N","","N"
"충청북도교육청","충청북도음성교육지원청","충청북도 음성군","S110000635","무극초등학교","02","공립","","N","단설","주간","19171001","19171001","4377025321","",".","","27636","충청북도 음성군 금왕읍 금석로 64",", 무극초등학교 (금왕읍)","36.9919778","127.5930613","043-877-0813","043-878-4401","http://school.cbe.go.kr/muguk-e","남녀공학","N","","N"
"충청북도교육청","충청북도음성교육지원청","충청북도 음성군","S110000638","부윤초등학교","02","공립","","N","단설","주간","19580407","19580407","4377034025","충청북도 음성군 대소면 부윤리","392.","369823","27677","충청북도 음성군 대소면 신내로 110",", 부윤초등학교 (대소면, 부윤초등학교)","36.9491659757","127.5243398398","043-881-7255","043-877-1139","http://school.cbe.go.kr/puyun-e","남녀공학","N","","N"
"충청북도교육청","충청북도음성교육지원청","충청북도 음성군","S110000640","삼성초등학교","02","공립","","N","단설","주간","19200621","19200621","4377035021","충청북도 음성군 삼성면 덕정리","508-1.","369830","27649","충청북도 음성군 삼성면 덕정로 41",", 삼성초등학교 (삼성면)","37.0200994","127.4969537","043-878-5013","043-878-5023","http://school.cbe.go.kr/samseong-e/","남녀공학","N","","N"
"충청북도교육청","충청북도음성교육지원청","충청북도 음성군","S110000642","생극초등학교","02","공립","","N","단설","주간","19310511","19310511","4377036021","충청북도 음성군 생극면 신양리","451-1.","369841","27619","충청북도 음성군 생극면 음성로 1649-8",", (생극면, 생극초등학교)","37.0342124704","127.6047234966","043-878-3010","043-877-8833","http://www.saenggeuk.es.kr","남녀공학","N","","N"
"충청북도교육청","충청북도음성교육지원청","충청북도 음성군","S110000646","소이초등학교","02","공립","","N","병설","주간","19280501","19280501","4377031027","충청북도 음성군 소이면 금고리","68번지.","369872","27713","충청북도 음성군 소이면 한불로 564",", 소이초등학교 (소이면)","36.9153426052","127.7547173067","043-872-5283","043-872-7949","http://school.cbe.go.kr/soi-e/M01/","남녀공학","N","","N"
"충청북도교육청","충청북도음성교육지원청","충청북도 음성군","S110000648","수봉초등학교","02","공립","","N","단설","주간","19110621","19110621","4377025021","충청북도 음성군 음성읍  읍내리","209.","369807","27697","충청북도 음성군 음성읍 시장로126번길 19","(음성읍)","36.9397346","127.6926326","043-872-2019","043-872-4849","http://school.cbe.go.kr/subong-e","남녀공학","N","","N"
"충청북도교육청","충청북도음성교육지원청","충청북도 음성군","S110000649","쌍봉초등학교","02","공립","","N","단설","주간","19410427","19410427","4377025335","충청북도 음성군 금왕읍 쌍봉리","413번지.","369902","27642","충청북도 음성군 금왕읍 금일로371번길 58-17","(금왕읍)","37.0031232","127.5422453","043-878-0255","043-877-3068","http://www.ssang-bong.es.kr","남녀공학","N","","N"
"충청북도교육청","충청북도음성교육지원청","충청북도 음성군","S110000650","오갑초등학교","02","공립","","N","단설","주간","19460901","19460901","4377037029","충청북도 음성군 감곡면 오궁리","2-1.","369852","27606","충청북도 음성군 감곡면 가곡로 326-7",", 오갑초등학교 (감곡면)","37.11224","127.67685","043-881-3128","043-881-5833","http://school.cbe.go.kr/ogap-e/","남녀공학","N","","N"
"충청북도교육청","충청북도음성교육지원청","충청북도 음성군","S110000652","오선초등학교","02","공립","","N","단설","주간","19430331","19430331","4377025337","충청북도 음성군 금왕읍 오선리","233-2.","369906","27639","충청북도 음성군 금왕읍 초금로752번길 17","(금왕읍),오선초등학교","36.9790436","127.5661311","043-877-0595","043-877-9338","school.cbe.go.kr/oson-e","남녀공학","N","","N"
"충청북도교육청","충청북도음성교육지원청","충청북도 음성군","S110000653","용천초등학교","02","공립","","N","단설","주간","19691202","19691202","4377025321","충청북도 음성군 금왕읍 무극리","50번지.","27634","27634","충청북도 음성군 금왕읍 덕금로 1204","(금왕읍,용천초등학교)","36.990989","127.591985","043-877-0904","043-878-0260","http://school.cbe.go.kr/yongcheon-e/","남녀공학","N","","N"
"충청북도교육청","충청북도음성교육지원청","충청북도 음성군","S110000654","원남초등학교","02","공립","","N","단설","주간","19250502","19250502","4377032022","충청북도 음성군 원남면 보룡리","337-1.","369862","27724","충청북도 음성군 원남면 보천로65번길 22","(원남면)","36.87907","127.653766","043-872-7046","043-872-7856","www.wonnam.es.kr","남녀공학","N","","N"
"충청북도교육청","충청북도음성교육지원청","충청북도 음성군","S110000657","원당초등학교","02","공립","","N","단설","주간","19590531","19590531","4377037023","충청북도 음성군 감곡면 원당리","159.","27613","27613","충청북도 음성군 감곡면 음성로 2142","(감곡면, 원당초등학교)","37.0743546687","127.6155901777","043-878-8700","043-878-5282","http://www.won-dang.es.kr","남녀공학","N","","N"
"충청북도교육청","충청북도음성교육지원청","충청북도 음성군","S110000660","청룡초등학교","02","공립","","N","단설","주간","19640305","19640301","4377035026","충청북도 음성군 삼성면 청용리","352-7.","369834","27657","충청북도 음성군 삼성면 대청로 255-22","(삼성면, 청룡초등학교)","37.000473","127.472618","043-878-5613","043-877-8339","http://school.cbe.go.kr/cheongryong-e","남녀공학","N","","N"
"충청북도교육청","충청북도음성교육지원청","충청북도 음성군","S110000663","평곡초등학교","02","공립","","N","단설","주간","19460901","19460901","4377025022","충청북도 음성군 음성읍 평곡1리","813번지.","369803","27698","충청북도 음성군 음성읍 약현길 8",", 평곡초등학교 (음성읍)","36.9290612","127.7011446","043-872-2577","043-873-2578","school.cbe.go.kr/pyeonggok-e","남녀공학","N","","N"
"충청북도교육청","충청북도음성교육지원청","충청북도 음성군","S110000664","하당초등학교","02","공립","","N","단설","주간","19390430","19390430","4377032025","충청북도 음성군 원남면 하당리","433.","27718","27718","충청북도 음성군 원남면 하초로 35-4","(원남면,하당초등학교)","36.9070253467","127.6792240473","043-872-3535","043-872-2392","http://school.cbe.go.kr/hadang-e/M01","남녀공학","N","","N"
"충청북도교육청","충청북도제천교육지원청","충청북도 제천시","S110000683","금성초등학교","02","공립","","N","단설","주간","19300501","19300501","4315031021","충청북도 제천시 금성면 구룡리","294.","390821","27207","충청북도 제천시 금성면 국사봉로 1615",", 금성초등학교 (금성면)","37.0674561593","128.1652913213","043-652-7014","043-652-8110","http://school.cbe.go.kr/gumsung-e","남녀공학","N","","N"
"충청북도교육청","충청북도제천교육지원청","충청북도 제천시","S110000688","남당초등학교","02","공립","","N","병설","주간","19591205","19591205","4315011000","충청북도 제천시 영천동","760.","27194","27194","충청북도 제천시 청풍호로2길 4-5",", 남당초등학교 (영천동)","37.131049","128.202","043-643-2291","043-646-8102","http://school.cbe.go.kr/namdang-e","남녀공학","N","","N"
"충청북도교육청","충청북도제천교육지원청","충청북도 제천시","S110000689","남천초등학교","02","공립","","N","단설","주간","19650303","19640804","4315010400","충청북도 제천시 남천동","260.","390020","27174","충청북도 제천시 풍양로21안길 25","(남천동)","37.136957","128.2175","043-644-2331","043-646-8103","http://school.cbe.go.kr/namchon-e/M01","남녀공학","N","","N"
"충청북도교육청","충청북도제천교육지원청","충청북도 제천시","S110000696","동명초등학교","02","공립","","N","단설","주간","19081120","19081120","4315012500","충청북도 제천시 천남동",".","390130","27188","충청북도 제천시 원뜰로 35","(천남동)","37.1336","128.194004","043-642-2321","043-646-8100","http://school.cbe.go.kr/jcdm-e/","남녀공학","N","","N"
"충청북도교육청","충청북도제천교육지원청","충청북도 제천시","S110000698","두학초등학교","02","공립","","N","병설","주간","19461006","19461006","4315011700","충청북도 제천시 흑석동","436.","390270","27130","충청북도 제천시 의병대로 415","(흑석동)","37.1343662","128.2447539","043-643-6642","043-646-8108","http://school.cbe.go.kr/duhak-e","남녀공학","N","","N"
"충청북도교육청","충청북도제천교육지원청","충청북도 제천시","S110000700","명지초등학교","02","공립","","N","단설","주간","19701116","19691202","4315012200","충청북도 제천시 명지동","46번지.","390170","27201","충청북도 제천시 강명길 21","(명지동)","37.1188282","128.2054568","043-643-4290","043-646-8109","http://school.cbe.go.kr/myeongji-e","남녀공학","N","","N"
"충청북도교육청","충청북도제천교육지원청","충청북도 제천시","S110000701","백운초등학교","02","공립","","N","단설","주간","19080401","19080401","4315036021","충청북도 제천시 백운면 평동리","600.","390882","27105","충청북도 제천시 백운면 구학산로 45",", 백운초등학교 (백운면)","37.140642","128.019942","043-652-6488","043-652-8325","http://school.cbe.go.kr/paegune-e","남녀공학","N","","N"
"충청북도교육청","충청북도제천교육지원청","충청북도 제천시","S110000706","봉양초등학교","02","공립","","N","단설","주간","19280416","19280416","4315025031","충청북도 제천시 봉양읍 연박리","921.","390871","27112","충청북도 제천시 봉양읍 팔송로 59","(봉양읍)","37.1362759","128.1128597","043-647-6394","043-647-8327","http://school.cbe.go.kr/bongyang-e/","남녀공학","N","","N"
"충청북도교육청","충청북도제천교육지원청","충청북도 제천시","S110000717","송학초등학교","02","공립","","N","단설","주간","19310501","19310501","4315038021","충청북도 제천시 송학면 무도리","1164-2번지.","390813","27123","충청북도 제천시 송학면 시곡포전로 7","(송학면, 송학초등학교)","37.199758","128.293265","043-642-7585","043-646-8329","http://school.cbe.go.kr/songhak-e","남녀공학","N","","N"
"충청북도교육청","충청북도제천교육지원청","충청북도 제천시","S110000721","수산초등학교","02","공립","","N","단설","주간","19230401","19230401","4315033021","",".","","27220","충청북도 제천시 수산면 지곡로 12","(수산면,수산초.수산중학교)","36.9360899","128.1876179","043-648-5489","043-647-8417","http://school.cbe.go.kr/soosan-e","남녀공학","N","","N"
"충청북도교육청","충청북도제천교육지원청","충청북도 제천시","S110000726","신백초등학교","02","공립","","N","단설","주간","19960426","19960301","4315012000","충청북도 제천시 신백동","212-7.","27180","27180","충청북도 제천시 관전로1길 28","(신백동,신백초등학교)","37.1","128.2","043-642-4276","043-642-4279","http://school.cbe.go.kr/shinbaek-e","남녀공학","N","","N"
"충청북도교육청","충청북도제천교육지원청","충청북도 제천시","S110000731","왕미초등학교","02","공립","","N","병설","주간","19550401","19540401","4315025000","충청북도 제천시 봉양읍","757번지.","390874","27116","충청북도 제천시 봉양읍 용두대로 575","(봉양읍)","37.1556","128.1584","043-653-4206","043-651-8328","http://school.cbe.go.kr/wangmi-e/M01/","남녀공학","N","","N"
"충청북도교육청","충청북도제천교육지원청","충청북도 제천시","S110000732","용두초등학교","02","공립","","N","단설","주간","19950301","19950301","4315011100","충청북도 제천시 하소동","405번지.","390240","27161","충청북도 제천시 용두대로21길 36","(하소동)","37.1437498","128.1969263","043-641-7815","043-648-1677","http://school.cbe.go.kr/yongdu-e","남녀공학","N","","N"
"충청북도교육청","충청북도제천교육지원청","충청북도 제천시","S110000739","의림초등학교","02","공립","","N","단설","주간","19451020","19451020","4315010100","충청북도 제천시 의림동","186.","390030","27170","충청북도 제천시 독순로 33",", 의림초등학교 (의림동)","37.141568","128.207457","043-645-6582","043-646-8101","http://school.cbe.go.kr/uirim-e/","남녀공학","N","","N"
"충청북도교육청","충청북도제천교육지원청","충청북도 제천시","S110000740","입석초등학교","02","공립","","N","단설","주간","19530901","19470125","4315038023","충청북도 제천시 송학면 입석리","609-2.","390814","27125","충청북도 제천시 송학면 입석로3길 17","(송학면)","37.1997477","128.2933088","043-648-5602","043-647-8332","http://school.cbe.go.kr/jcipseok-e/","남녀공학","Y","20210301","N"
"충청북도교육청","충청북도제천교육지원청","충청북도 제천시","S110000741","제천덕산초등학교","02","공립","","N","단설","주간","19210903","19210903","4315034021","충청북도 제천시 덕산면 도전리","425.","390851","27223","충청북도 제천시 덕산면 약초로 133","제천덕산초중학교","36.9077316227","128.1700920202","043-756-7566","043-646-8323","http://school.cbe.go.kr/deoksan-e/M01","남녀공학","N","","N"
"충청북도교육청","충청북도제천교육지원청","충청북도 제천시","S110000743","제천중앙초등학교","02","공립","","N","단설","주간","19920508","19920301","4315011300","충청북도 제천시 청전동","625번지.","27147","27147","충청북도 제천시 고암로 7","(청전동,중앙초등학교)","37.15299","128.215308","043-646-0387","043-646-8104","http://school.cbe.go.kr/jcjungang-e","남녀공학","N","","N"
"충청북도교육청","충청북도제천교육지원청","충청북도 제천시","S110000746","청풍초등학교","02","공립","","N","병설","주간","19101001","19101001","4315032041","충청북도 제천시 청풍면 물태리","144-3.","390832","27214","충청북도 제천시 청풍면 청풍호로 2194",", 청풍초등학교 (청풍면)","36.9962798309","128.1648108405","043-648-0280","043-647-8321","http://chongpung.es.kr","남녀공학","N","","N"
"충청북도교육청","충청북도제천교육지원청","충청북도 제천시","S110000753","한송초등학교","02","공립","","N","단설","주간","19430505","19320505","4315035030","충청북도 제천시 한수면 송계리","753.","390862","27226","충청북도 제천시 한수면 미륵송계로6길 12",", 한송초중학교 (한수면)","36.8831262","128.0799711","043-653-1588","043-653-8412","http://school.cbe.go.kr/hansong-e","남녀공학","N","","N"
"충청북도교육청","충청북도제천교육지원청","충청북도 제천시","S110000756","홍광초등학교","02","공립","","N","단설","주간","19440401","19440401","4315011400","충청북도 제천시 모산동","396-1.","390110","27138","충청북도 제천시 의림대로44길 51",", 홍광초등학교 (모산동)","37.164682","128.21595","043-646-4761","043-646-8107","http://school.cbe.go.kr/honggwang-e","남녀공학","N","","N"
"충청북도교육청","충청북도제천교육지원청","충청북도 제천시","S110000757","화당초등학교","02","공립","","N","단설","주간","19460401","19460401","4315036024","충청북도 제천시 백운면 화당리","84-1.","390880","27100","충청북도 제천시 백운면 화당로 33","(백운면)","37.168802","127.986888","043-651-6491","043-651-8326","http://school.cbe.go.kr/hwadang-e","남녀공학","N","","N"
"충청북도교육청","충청북도제천교육지원청","충청북도 제천시","S110000760","화산초등학교","02","공립","","N","단설","주간","19800303","19800303","4315010900","충북 제천시 화산동","606.","390150","27182","충청북도 제천시 내토로41길 18",", 화산초등학교 (화산동)","37.129882","128.213413","043-642-1866","043-646-8105","http://school.cbe.go.kr/hwasan-e/M01","남녀공학","N","","N"
"충청북도교육청","충청북도진천교육지원청","충청북도 진천군","S110000769","구정초등학교","02","공립","","N","단설","주간","19440403","19440403","4375032029","충청북도 진천군 초평면 용산리","236-1.","365852","27861","충청북도 진천군 초평면 원댕이길 3",", 구정초등학교 (초평면)","36.7808663","127.5351397","043-838-2739","043-838-1447","http://www.gujeong.es.kr","남녀공학","N","","N"
"충청북도교육청","충청북도진천교육지원청","충청북도 진천군","S110000771","금구초등학교","02","공립","","N","단설","주간","19620401","19580401","4375035032","충청북도 진천군 이월면 내촌리","579번지.","365821","27815","충청북도 진천군 이월면 진광로 972-12","(이월면)","36.9451452059","127.4307027984","043-536-7794","043-536-8731","http://school.cbe.go.kr/kumgu-e","남녀공학","N","","N"
"충청북도교육청","충청북도진천교육지원청","충청북도 진천군","S110000773","만승초등학교","02","공립","","N","단설","주간","19300419","19300419","4375037027","충청북도 진천군 광혜원면 광혜원리","79.","365830","27802","충청북도 진천군 광혜원면 중리길 11","(광혜원면, 만승초등학교)","36.991955","127.441979","043-535-3290","043-535-1412","school.cbe.go.kr/mansung-e","남녀공학","N","","N"
"충청북도교육청","충청북도진천교육지원청","충청북도 진천군","S110000775","문백초등학교","02","공립","","N","단설","주간","19350901","19350901","4375033027","충청북도 진천군 문백면 봉죽리","297.","365861","27869","충청북도 진천군 문백면 봉죽길 22","(문백면, 문백초등학교)","36.7862637","127.4331868","043-532-7590","043-532-6549","http://school.cbe.go.kr/munbaek-e/","남녀공학","N","","N"
"충청북도교육청","충청북도진천교육지원청","충청북도 진천군","S110000777","문상초등학교","02","공립","","N","병설","주간","19340430","19340430","4375033022","충청북도 진천군 문백면 사양리","38-1.","365862","27863","충청북도 진천군 문백면 농다리로 1232",", 문상초등학교 (문백면)","36.83792129","127.471853694","043-532-1163","043-533-1388","http://www.munsang.es.kr","남녀공학","N","","N"
"충청북도교육청","충청북도진천교육지원청","충청북도 진천군","S110000778","백곡초등학교","02","공립","","N","단설","주간","19290416","19290416","4375034025","충청북도 진천군 백곡면 구수리","144.","365811","27824","충청북도 진천군 백곡면 안구수길 20",", 백곡초등학교 (백곡면)","36.8858594","127.3598786","043-532-8618","043-532-8619","school.cbe.go.kr/baekgok-e","남녀공학","N","","N"
"충청북도교육청","충청북도진천교육지원청","충청북도 진천군","S110000781","상신초등학교","02","공립","","N","단설","주간","19590401","19590401","4375035028","충청북도 진천군 이월면 신월리","317-16.","365824","27816","충청북도 진천군 이월면 신정길 15",", 상신초등학교 (이월면)","36.9236577","127.4666548","043-536-7795","043-536-1608","www.sangsin-e.es.kr","남녀공학","Y","20190228","N"
"충청북도교육청","충청북도진천교육지원청","충청북도 진천군","S110000783","성암초등학교","02","공립","","N","단설","주간","19440309","19440309","4375025031","충청북도 진천군 진천읍 사석리","679-2.","365805","27826","충청북도 진천군 진천읍 금사로 359","(진천읍,성암초등학교)","36.826533","127.406459","043-532-9190","043-533-0441","http://school.cbe.go.kr/sungam-e/","남녀공학","N","","N"
"충청북도교육청","충청북도진천교육지원청","충청북도 진천군","S110000787","옥동초등학교","02","공립","","N","단설","주간","19221222","19221222","4375025325","충청북도 진천군 덕산읍 두촌리","359-2.","27875","27875","충청북도 진천군 덕산읍 예지로 43",", 옥동초등학교 (덕산읍, 옥동초등학교)","36.9041768799","127.5303771367","043-531-6303","043-531-6308","http://school.cbe.go.kr/oktong-e","남녀공학","N","","N"
"충청북도교육청","충청북도진천교육지원청","충청북도 진천군","S110000789","이월초등학교","02","공립","","N","단설","주간","19200401","19200401","4375035025","충청북도 진천군 이월면 송림리","667.","365821","27815","충청북도 진천군 이월면 송림6길 26",", 이월초등학교 (이월면)","36.930867","127.43115","043-537-7080","043-537-7092","school.cbe.go.kr/iwol-e","남녀공학","N","","N"
"충청북도교육청","충청북도진천교육지원청","충청북도 진천군","S110000790","진천삼수초등학교","02","공립","","N","단설","주간","19430401","19430401","4375025024","충청북도 진천군 진천읍 읍내리","333-1.","365807","27832","충청북도 진천군 진천읍 중앙서3길 6","(진천읍, 삼수초등학교)","36.856125","127.441341","043-532-1162","043-533-5747","http://school.cbe.go.kr/samsu-e","남녀공학","N","","N"
"충청북도교육청","충청북도진천교육지원청","","S110000791","진천삼수초등학교매산분교장","02","공립","","Y","단설","주간","19670902","19670902","4375031023","충청북도 진천군 덕산면 산수리","465.","365842","","","","","","043-536-4010","043-536-1411","http://samsu.es.kr","남녀공학","Y","20130301","N"
"충청북도교육청","충청북도진천교육지원청","충청북도 진천군","S110000792","진천상산초등학교","02","공립","","N","단설","주간","19111002","19111002","4375025000","충청북도 진천군 진천읍","357-1.","365808","27832","충청북도 진천군 진천읍 상산로 35","(진천읍, 상산초등학교)","36.8552386","127.4379969","043-534-7031","043-534-7037","https://school.cbe.go.kr/jcsangsan-e","남녀공학","N","","N"
"충청북도교육청","충청북도진천교육지원청","충청북도 진천군","S110000794","초평초등학교","02","공립","","N","단설","주간","19230401","19230401","4375032025","충청북도 진천군 초평면 금곡리","593.","365851","27858","충청북도 진천군 초평면 초동로 143","(초평면,초평초등학교)","36.8474768","127.538466","043-532-6290","043-532-8564","http://school.cbe.go.kr/chopyong-e","남녀공학","N","","N"
"충청북도교육청","충청북도진천교육지원청","충청북도 진천군","S110000795","학성초등학교","02","공립","","N","단설","주간","19360701","19360701","4375035022","충청북도 진천군 이월면 중산리","597-7.","365822","27820","충청북도 진천군 이월면 진광로 398","(이월면,학성초등학교)","36.8998428075","127.4432654427","043-533-8534","043-533-0448","http://school.cbe.go.kr/haksung-e","남녀공학","N","","N"
"충청북도교육청","충청북도진천교육지원청","충청북도 진천군","S110000796","한천초등학교","02","공립","","N","병설","주간","19490901","19490820","4375025330","충청북도 진천군 덕산면 용몽리","518-3.","365843","27853","충청북도 진천군 덕산읍 초금로 687-2","(덕산읍, 한천초등학교)","36.9069381","127.507814","043-536-4290","043-536-1414","http://school.cbe.go.kr/hancheonds-e","남녀공학","N","","N"
"충청북도교육청","충청북도청주교육지원청","충청북도 청주시 상당구","S110000808","가덕초등학교","02","공립","","N","단설","주간","19210511","19210511","4311133031","충청북도 청주시 상당구 가덕면 병암리","125.","363853","28205","충청북도 청주시 상당구 가덕면 단재로 1448","(가덕면)","36.5779259622","127.5784829361","043-298-5481","043-298-5486","https://school.cbe.go.kr/gadeok-e","남녀공학","N","","N"
"충청북도교육청","충청북도청주교육지원청","충청북도 청주시 청원구","S110000812","각리초등학교","02","공립","","N","단설","주간","19420627","19420627","4311425344","충청북도 청주시 청원구 오창읍 각리","646-2.","363883","28124","충청북도 청주시 청원구 오창읍 오창중앙로 47-8",", 각리초등학교 (오창읍)","36.706582","127.4246729","043-217-2271","217-5598","http://gakri.es.kr","남녀공학","N","","N"
"충청북도교육청","충청북도청주교육지원청","충청북도 청주시 서원구","S110000815","갈원초등학교","02","공립","","N","단설","주간","19410808","19410808","4311231029","충청북도 청원군 남이면 갈원리","146.","363812","28184","충청북도 청주시 서원구 남이면 저산척북로 375","(남이면)","36.5688648976","127.3964891356","043-260-6614","043-260-4123","school.cbe.go.kr/galwon-e","남녀공학","N","","N"
"충청북도교육청","충청북도청주교육지원청","충청북도 청주시 흥덕구","S110000816","강내초등학교","02","공립","","N","단설","주간","19280501","19280501","4311331026","충청북도 청원군 강내면 다락리","348-1.","363892","28174","충청북도 청주시 흥덕구 강내면 태성탑연로 117",", 강내초등학교 (강내면)","36.5971642516","127.3568650427","043-231-1251","232-1900","https://school.cbe.go.kr/kangnae-e","남녀공학","N","","N"
"충청북도교육청","충청북도청주교육지원청","충청북도 청주시 흥덕구","S110000818","오송초등학교","02","공립","","N","단설","주간","19250507","19250507","4311325028","충북 청주시 흥덕구 오송읍  오송리","60-1.","363954","28168","충청북도 청주시 흥덕구 오송읍 오송2길 26",", 오송초등학교 (오송읍)","36.613129","127.325667","043-239-6801","043-239-6807","http://school.cbe.go.kr/osong-e","남녀공학","N","","N"
"충청북도교육청","충청북도청주교육지원청","충청북도 청주시 서원구","S110000828","남이초등학교","02","공립","","N","병설","주간","19211030","19211030","4311231035","충청북도 청원군 남이면 대련리","255.","363811","28180","충청북도 청주시 서원구 남이면 대련길 61","(남이면)","36.5770968","127.4542751","043-260-6429","043260-8127","http://school.cbe.go.kr/nami-e","남녀공학","N","","N"
"충청북도교육청","충청북도청주교육지원청","충청북도 청주시 상당구","S110000829","남일초등학교","02","공립","","N","단설","주간","19250512","19250512","4311134027","충청북도 청주시 상당구 남일면 쌍수리","321-33.","363842","28187","충청북도 청주시 상당구 남일면 단재로 630",", 남일초등학교","36.5757861775","127.5094741001","043-299-5603","043-298-5623","http://school.cbe.go.kr/namil-e","남녀공학","N","","N"
"충청북도교육청","","","S110000830","남일초등학교두산분교장","02","공립","","Y","부속","주간","19700301","19700301","4371034030","충청북도 청원군 남일면 두산리","106-1.","363843","","","","","","01064099694","043-292-5624","www.namil-e.es.kr","","Y","20110228","N"
"충청북도교육청","충청북도청주교육지원청","충청북도 청주시 상당구","S110000832","낭성초등학교","02","공립","","N","단설","주간","19280420","19280420","4311131025","충청북도 청주시 상당구 낭성면 이목리","108-1.","363861","28193","충청북도 청주시 상당구 낭성면 낭성시내길 5",", 낭성초등학교 (낭성면)","36.6236753","127.6017914","043-225-9957","043-225-9771","http://school.cbe.go.kr/nangsong-e","남녀공학","N","","N"
"충청북도교육청","충청북도청주교육지원청","충청북도 청주시 청원구","S110000834","내수초등학교","02","공립","","N","단설","주간","19171124","19171124","4311425022","충청북도 청원군 내수읍 마산리","171.","363934","28145","충청북도 청주시 청원구 내수읍 마산1길 114-1","(내수읍,내수초등학교)","36.7269055","127.5368015","043-214-0610","043-214-6251","https://school.cbe.go.kr/naesu-e","남녀공학","N","","N"
"충청북도교육청","충청북도청주교육지원청","충청북도 청주시 청원구","S110000836","대길초등학교","02","공립","","N","단설","주간","19470901","19470901","4311431025","충청북도 청주시 청원구 북이면 대길리","228.","28140","28140","충청북도 청주시 청원구 북이면 대길길 28-24",", 대길초등학교 (북이면)","36.732305","127.5596419","043-214-0221","043-214-6250","http://school.cbe.go.kr/daegil-e","남녀공학","N","","N"
"충청북도교육청","충청북도청주교육지원청","충청북도 청주시 상당구","S110000838","동화초등학교","02","공립","","N","단설","주간","19630913","19630913","4311134029","충청북도 청원군 남일면 화당리","361-1.","363841","28207","충청북도 청주시 상당구 남일면 척산화당로 539","(남일면,동화초등학교)","36.5473407","127.4922604","043-298-4477","043-298-5583","http://school.cbe.go.kr/donghwa-e","남녀공학","N","","N"
"충청북도교육청","충청북도청주교육지원청","충청북도 청주시 흥덕구","S110000840","만수초등학교","02","공립","","N","단설","주간","19560427","19560427","4311325025","충청북도 청주시 흥덕구 오송읍 만수리","551번지.","363954","28166","충청북도 청주시 흥덕구 오송읍 만수2길 11","(오송읍, 만수초등학교)","36.6273027","127.3293335","043-238-2702","043-238-2706","http://school.cbe.go.kr/mansue-e","남녀공학","N","","N"
"충청북도교육청","충청북도청주교육지원청","충청북도 청주시 상당구","S110000843","문의초등학교","02","공립","","N","병설","주간","19090316","19090316","4311135022","충청북도 청주시 상당구 문의면 미천리","228.","363832","28208","충청북도 청주시 상당구 문의면 문의시내1길 28-23","(문의면)","36.518055","127.493614","043-297-7723","043-296-2390","http://munui.es.kr","남녀공학","N","","N"
"충청북도교육청","충청북도청주교육지원청","충청북도 청주시 상당구","S110000845","문의초등학교도원분교장","02","공립","","Y","단설","주간","19410531","19410531","4311135035","충청북도 청주시 상당구 문의면 두모리","243.","363833","28206","충청북도 청주시 상당구 문의면 두모1길 13-14","(문의면)","36.5175818","127.4703977","043-221-7570","043221-0957","http://www.munui.es.kr","남녀공학","N","","N"
"충청북도교육청","충청북도청주교육지원청","충청북도 청주시 상당구","S110000848","미원초등학교","02","공립","","N","단설","주간","19190620","19190620","4311132021","충청북도 청주시 상당구 미원면 미원리","292-2.","363874","28199","충청북도 청주시 상당구 미원면 단재로 2482","(미원면)","36.635786","127.6598295","043-297-1309","043-294-8736","http://school.cbe.go.kr/miwoncho-e","남녀공학","N","","N"
"충청북도교육청","","충청북도 청주시 상당구","S110000849","미원초등학교금관분교장","02","공립","","Y","단설","주간","19340430","19340430","4311132041","충청북도 청주시 상당구 미원면 금관리","306-1.","363872","363872","충청북도 청원군 미원면 운암계원로 601","(미원면)","36.6211314","127.7232631","043-225-9000","043-225-3840","http://www.miwoncho.es.kr/index.jsp?SCODE=S0000000036","남녀공학","N","","N"
"충청북도교육청","충청북도청주교육지원청","충청북도 청주시 청원구","S110000855","북이초등학교","02","공립","","N","단설","주간","19340620","19340620","4311431037","충청북도청주시 청원구 북이면 내추리","10.","363922","28134","충청북도 청주시 청원구 북이면 의암로 342",", 북이초등학교 (북이면)","36.7612547","127.5560059","043-212-8502","043211-1492","http://www.bugi.es.kr","남녀공학","N","","N"
"충청북도교육청","충청북도청주교육지원청","충청북도 청주시 청원구","S110000856","비상초등학교","02","공립","","N","병설","주간","19430410","19430410","4311425028","충청북도 청주시 청원구 내수읍 비상리","200번지.","363935","28147","충청북도 청주시 청원구 내수읍 세교초정로 171",", 비상초등학교 (내수읍)","36.7111494","127.5820819","043-213-0345","043-213-6266","http://school.cbe.go.kr/pisang-e/M01","남녀공학","N","","N"
"충청북도교육청","충청북도청주교육지원청","충청북도 청주시 흥덕구","S110000858","상봉초등학교","02","공립","","N","단설","주간","19460901","19460901","4311325033","충청북도 청원군 오송읍 상봉리","242-1.","363955","28155","충청북도 청주시 흥덕구 오송읍 상봉길 9",", 상봉초등학교 (오송읍)","36.6382505","127.2861417","043-239-1501","043239-1504","http://sangbong.es.kr","남녀공학","N","","N"
"충청북도교육청","충청북도청주교육지원청","충청북도 청주시 청원구","S110000860","석성초등학교","02","공립","","N","단설","주간","19420401","19420401","4311431043","충청북도 청원군 북이면 내둔리","345.","363923","28137","충청북도 청주시 청원구 북이면 화상석성로 505","(북이면)","36.74946","127.5136869","043-214-0329","043-214-6264","http://school.cbe.go.kr/seoksung-e","남녀공학","N","","N"
"충청북도교육청","충청북도청주교육지원청","충청북도 청주시 청원구","S110000862","수성초등학교","02","공립","","N","단설","주간","19630301","19630301","4311425021","충청북도 청주시 청원구 내수읍 내수리","263-1.","363932","28143","충청북도 청주시 청원구 내수읍 내수로 601",", 수성초등학교 (내수읍,수성초등학교)","36.719091","127.526084","043-214-0050","043214-6265","http://school.cbe.go.kr/suseong-e/M01","남녀공학","N","","N"
"충청북도교육청","충청북도청주교육지원청","충청북도 청주시 청원구","S110000863","수성초등학교구성분교장","02","공립","","Y","단설","주간","19690301","19690301","4311425033","충청북도 청원군 내수읍 충청대로","452.","363931","28153","충청북도 청주시 청원구 내수읍 충청대로 452","(내수읍)","36.6899040705","127.5147194609","043-214-0458","043-214-6267","http://ks.cj-suseong.es.kr/","남녀공학","N","","N"
"충청북도교육청","충청북도청주교육지원청","충청북도 청주시 상당구","S110000865","신송초등학교","02","공립","","N","병설","주간","19500601","19500601","4311134031","충청북도 청주시 상당구 남일면 신송리","411.","360841","28186","충청북도 청주시 상당구 남일면 신송2길 46","(남일면)","36.575392","127.493437","043-298-4201","043-298-5663","http://school.cbe.go.kr/shinsong-e","남녀공학","N","","N"
"충청북도교육청","충청북도청주교육지원청","충청북도 청주시 청원구","S110000866","오창초등학교","02","공립","","N","단설","주간","19200413","19200413","4311425330","충청북도 청주시 청원구 오창읍 장대리","238.","363882","28129","충청북도 청주시 청원구 오창읍 팔결로 690","(오창읍)","36.7412708882","127.4574448418","043-217-2109","043-217-5599","school.cbe.go.kr/ochang-e","남녀공학","N","","N"
"충청북도교육청","충청북도청주교육지원청","충청북도 청주시 흥덕구","S110000869","옥산초등학교","02","공립","","N","단설","주간","19200414","19200414","4311332021","충청북도 청주시 흥덕구 옥산면 오산리","223.","363914","28113","충청북도 청주시 흥덕구 옥산면 옥산시내1길 19","(옥산면)","36.6633195","127.3728418","043-260-2702","043-260-2707","school.cbe.go.kr/okmt-e","남녀공학","N","","N"
"충청북도교육청","충청북도청주교육지원청","충청북도 청주시 흥덕구","S110000871","옥산초등학교소로분교장","02","공립","","Y","단설","주간","19570115","19570115","4311332034","충청북도 청주시 흥덕구 옥산면 소로리","313-1.","363911","28111","충청북도 청주시 흥덕구 옥산면 소로1길 65","(옥산면)","36.6886971","127.4037826","043-218-0609","043218-5224","www.okmt.es.kr","남녀공학","Y","20190228","N"
"충청북도교육청","충청북도청주교육지원청","충청북도 청주시 서원구","S110000873","옥포초등학교","02","공립","","N","단설","주간","19520924","19520924","4311232023","충청북도 청주시 서원구 현도면 죽전리","622.","363823","28211","충청북도 청주시 서원구 현도면 죽전1길 45-7",", 옥포초등학교 (현도면)","36.4969654","127.4158333","043-260-8286","043-260-5925","http://school.cbe.go.kr/okpo-e","남녀공학","N","","N"
"충청북도교육청","","","S110000874","외천초등학교","02","공립","","N","단설","주간","19400528","19400528","4371038025","충북 청원군 부용면 외천리","294.","363944","363944","충북 청원군 부용면 부용외천2길 13-2","(부용면)","36.540986","127.432369","0430-260-6221","043-260-4669","http://www.oe-cheon.es.kr","남녀공학","Y","20120229","N"
"충청북도교육청","충청북도청주교육지원청","충청북도 청주시 청원구","S110000887","청원초등학교","02","공립","","N","단설","주간","20130506","20130301","4311425344","충청북도 청원군 오창읍 각리","각리 639-11.","363885","28125","충청북도 청주시 청원구 오창읍 과학산업3로 228","(오창읍)","36.709724","127.43081","043-210-0583","043-210-0572","http://school.cbe.go.kr/cw-e/","남녀공학","N","","N"
"충청북도교육청","충청북도청주교육지원청","충청북도 청주시 상당구","S110000888","행정초등학교","02","공립","","N","단설","주간","19390321","19390321","4311133022","충청북도 청주시 상당구 가덕면 행정리","29-1.","28203","28203","충청북도 청주시 상당구 가덕면 상장인차로 277","(가덕면, 행정초등학교)","36.53662","127.5319474","043-297-5218","043-298-2744","http://school.cbe.go.kr/haengjeong-e/","남녀공학","N","","N"
"충청북도교육청","충청북도청주교육지원청","충청북도 청주시 서원구","S110000889","현도초등학교","02","공립","","N","단설","주간","19290417","19290417","4311232031","충청북도 청주시 서원구 현도면 달계리","548-1.","363822","28217","충청북도 청주시 서원구 현도면 청남로 248","(현도면)","36.47615","127.426706","043-260-8105","043-260-8497","http://school.cbe.go.kr/hyundo-e","남녀공학","N","","N"
"충청북도교육청","충청북도청주교육지원청","충청북도 청주시 흥덕구","S110000924","가경초등학교","02","공립","","N","병설","주간","19910422","19910321","4311311400","충청북도 청주시 흥덕구 복대2동","구룡로 654.","361272","28607","충청북도 청주시 흥덕구 장구봉로 93","(복대동, 가경초등학교)","36.624743538","127.4436190711","043-234-1017","043-235-2750","http://school.cbe.go.kr/gagyeong-e/M01/","남녀공학","N","","N"
"충청북도교육청","충청북도청주교육지원청","충청북도 청주시 흥덕구","S110000925","강서초등학교","02","공립","","N","단설","주간","19200401","19200401","4311313800","충청북도 청주시 흥덕구 비하동","121-1.","361825","28366","충청북도 청주시 흥덕구 비하로9번길 38",", 강서초등학교 (비하동)","36.6284014","127.423198","043-232-0015","043-232-1220","http://www.gangseo.es.kr","남녀공학","N","","N"
"충청북도교육청","충청북도청주교육지원청","충청북도 청주시 서원구","S110000926","개신초등학교","02","공립","","N","단설","주간","20020302","20020302","4311210900","충청북도 청주시 흥덕구 개신동","637번지.","362805","28610","충청북도 청주시 서원구 신율로 20","(개신동,개신초등학교)","36.6360201","127.4539173","043-236-0238","043-236-0347","http://school.cbe.go.kr/gaesin-e","남녀공학","N","","N"
"충청북도교육청","충청북도청주교육지원청","충청북도 청주시 흥덕구","S110000927","경덕초등학교","02","공립","","N","단설","주간","19970502","19970502","4311311300","충청북도 청주시 흥덕구 가경동","1504.","361802","28406","충청북도 청주시 흥덕구 장구봉로 36","(가경동)","36.620504","127.437973","043-232-3722","043-232-3726","https://school.cbe.go.kr/gyeongdeok-e/M01/","남녀공학","N","","N"
"충청북도교육청","충청북도청주교육지원청","충청북도 청주시 흥덕구","S110000928","경산초등학교","02","공립","","N","병설","주간","19950421","19950421","4311311300","충청북도 청주시 흥덕구 가경동","1513.","361803","28401","충청북도 청주시 흥덕구 경산로 82-12","(가경동)","36.625417","127.4405031","043-233-3293","043-233-3295","http://school.cbe.go.kr/kyongsan-e/","남녀공학","N","","N"
"충청북도교육청","충청북도청주교육지원청","충청북도 청주시 상당구","S110000929","교동초등학교","02","공립","","N","병설","주간","19330601","19330601","4311112400","충청북도 청주시 상당구 용암동","2084 교동초등학교.","360811","28778","충청북도 청주시 상당구 용암로 6",", 교동초등학교 (용암동)","36.61041","127.51087","043-293-3105","043-293-3107","school.cbe.go.kr/gyodong-e/M01/","남녀공학","N","","N"
"충청북도교육청","충청북도청주교육지원청","충청북도 청주시 상당구","S110000930","금천초등학교","02","공립","","N","단설","주간","19831216","19831216","4311112000","충청북도 청주시 상당구 금천동","213-1.","360803","28728","충청북도 청주시 상당구 수영로 248","(금천동, 금천초등학교)","36.6272928","127.5057274","043-259-6880","043-257-3090","http://www.kumchon-e.es.kr","남녀공학","N","","N"
"충청북도교육청","충청북도청주교육지원청","충청북도 청주시 서원구","S110000931","남성초등학교","02","공립","","N","단설","주간","19490910","19490910","4311210600","충청북도 청주시 서원구 분평동","219-1.","361201","28798","충청북도 청주시 서원구 청남로 1964","(분평동, 남성초등학교)","36.6082442","127.4836861","043-296-1512","043-292-1216","http://school.cbe.go.kr/namseong-e","남녀공학","N","","N"
"충청북도교육청","충청북도청주교육지원청","충청북도 청주시 서원구","S110000932","남평초등학교","02","공립","","N","단설","주간","19970502","19990901","4311210600","충청북도 청주시 흥덕구 분평동","1209번지.","361822","28791","충청북도 청주시 서원구 월평로 35",", 남평초등학교 (분평동, 남평초등학교)","36.611756","127.489057","043-295-6471","043-295-6475","http://school.cbe.go.kr/nampyeong-e","남녀공학","N","","N"
"충청북도교육청","충청북도청주교육지원청","충청북도 청주시 흥덕구","S110000933","내곡초등학교","02","공립","","N","단설","주간","19430325","19430325","4311313000","충청북도 청주시 흥덕구 내곡동","10-2.","361500","28356","충청북도 청주시 흥덕구 내곡로 6","(내곡동,내곡초등학교)","36.660199","127.428888","043-264-2124","043-267-1223","http://www.naegok.es.kr","남녀공학","Y","20190228","N"
"충청북도교육청","충청북도청주교육지원청","충청북도 청주시 청원구","S110000934","청주내덕초등학교","02","공립","","N","단설","주간","19760828","19760828","4311410200","충청북도 청주시 청원구 내덕2동","61.","360804","28502","충청북도 청주시 청원구 안덕벌로52번길 22-1",", 청주내덕초등학교 (내덕동)","36.6560759","127.4951203","043-216-2701","043-216-3089","http://school.cbe.go.kr/naedeok-e","남녀공학","N","","N"
"충청북도교육청","충청북도청주교육지원청","충청북도 청주시 청원구","S110000935","청주대성초등학교","02","사립","","N","단설","주간","19240301","19240301","4311410200","충청북도 청주시 상당구 내덕2동","262.","360172","28501","충청북도 청주시 청원구 대성로300번길 34",", 청주대성초등학교 (내덕동)","36.653836","127.489816","043-215-5874","043-213-5874","https://school.cbe.go.kr/cjds-e","남녀공학","N","","N"
"충청북도교육청","충청북도청주교육지원청","충청북도 청주시 청원구","S110000936","덕벌초등학교","02","공립","","N","병설","주간","19890522","19890522","4311410100","충청북도 청주시 청원구 우암동","261-10.","360814","28485","충청북도 청주시 청원구 1순환로339번길 86",", 덕벌초등학교 (우암동)","36.6554292151","127.4791774709","043-255-4777","043-256-8446","www.deogbeol.es.kr","남녀공학","N","","N"
"충청북도교육청","충청북도청주교육지원청","충청북도 청주시 청원구","S110000937","덕성초등학교","02","공립","","N","단설","주간","19490901","19490831","4311410300","",".","","28350","충청북도 청주시 청원구 공항로 113","(율량동,덕성초등학교)","36.66735","127.48436","043-211-2891","043-211-3086","school.cbe.go.kr/deokseong-e","남녀공학","N","","N"
"충청북도교육청","충청북도청주교육지원청","충청북도 청주시 상당구","S110000938","동주초등학교","02","공립","","N","단설","주간","20021010","20020901","4311112000","충청북도 청주시 상당구 금천동","323.","360803","28753","충청북도 청주시 상당구 호미로 269","(금천동)","36.630357","127.51015","043-292-3014","043-292-3019","http://school.cbe.go.kr/dongju-e","남녀공학","N","","N"
"충청북도교육청","충청북도청주교육지원청","충청북도 청주시 서원구","S110000939","모충초등학교","02","공립","","N","단설","주간","19670902","19670902","4311210300","",".","","28671","충청북도 청주시 서원구 쌍샘로 49","(모충동,모충초등학교)","36.6256894","127.4783541","043-262-5084","043-267-1218","http://school.cbe.go.kr/mochung-e/M01/","남녀공학","N","","N"
"충청북도교육청","충청북도청주교육지원청","충청북도 청주시 흥덕구","S110000940","복대초등학교","02","공립","","N","단설","주간","19831216","19831216","4311311300","충청북도 청주시 흥덕구 복대동","709-4.","28603","28382","충청북도 청주시 흥덕구 홍골로 58",", 복대초등학교 (가경동)","36.6141043351","127.4299455885","043-264-2143","043-267-1226","http://school.cbe.go.kr/bokdae-e/","남녀공학","N","","N"
"충청북도교육청","충청북도청주교육지원청","충청북도 청주시 흥덕구","S110000941","봉명초등학교","02","공립","","N","단설","주간","19860305","19841224","4311311500","충청북도 청주시 흥덕구 봉명1동","205.","361816","28572","충청북도 청주시 흥덕구 봉명로141번길 3","(봉명동)","36.639915","127.456425","043-264-6691","043-267-1227","http://school.cbe.go.kr/pongmyong-e","남녀공학","N","","N"
"충청북도교육청","충청북도청주교육지원청","충청북도 청주시 흥덕구","S110000942","봉정초등학교","02","공립","","N","단설","주간","19910301","19910301","4311311500","충청북도 청주시 흥덕구 봉명2동","2141.","361302","28448","충청북도 청주시 흥덕구 월명로140번길 37","(봉명동)","36.647932","127.456813","043-272-6737","043-272-6734","http://www.bongjeong.es.kr","남녀공학","N","","N"
"충청북도교육청","충청북도청주교육지원청","충청북도 청주시 청원구","S110000943","북일초등학교","02","공립","","N","단설","주간","19410527","19410401","4311410600","충청북도 청주시 상당구 주중동428","(북초로 16).","360568","28307","충청북도 청주시 청원구 주중로 13-19","(주중동)","36.6896501","127.4853977","043-212-7081","043-212-7148","school.cbe.go.kr/bukil-e","남녀공학","N","","N"
"충청북도교육청","충청북도청주교육지원청","충청북도 청주시 서원구","S110000945","분평초등학교","02","공립","","N","단설","주간","19970901","19950421","4311210600","충청북도 청주시 서원구 분평동","1198.","361822","28793","충청북도 청주시 서원구 무심서로 205","(분평동)","36.61329","127.49328","043-295-3242","043-295-3245","http://school.cbe.go.kr/bunpyeong-e","남녀공학","N","","N"
"충청북도교육청","충청북도청주교육지원청","충청북도 청주시 서원구","S110000946","사직초등학교","02","공립","","N","단설","주간","19820209","19820209","4311210100","충청북도 청주시 흥덕구 사직2동","38-4.","361102","28653","충청북도 청주시 서원구 남사로 25",", 사직초등학교 (사직동)","36.6309983","127.4776886","043-265-7382","043-265-7387","http://school.cbe.go.kr/sajig-e","남녀공학","N","","N"
"충청북도교육청","충청북도청주교육지원청","충청북도 청주시 상당구","S110000950","상당초등학교","02","공립","","N","단설","주간","19940524","19940524","4311112400","충청북도 청주시 상당구 용암동 3276",".","360100","28809","충청북도 청주시 상당구 동남로 151","(용암동)","36.6080895","127.5099738","043-294-0051","043-294-0055","http://school.cbe.go.kr/sangdangcho-e","남녀공학","N","","N"
"충청북도교육청","충청북도청주교육지원청","충청북도 청주시 청원구","S110000951","새터초등학교","02","공립","","N","단설","주간","19930401","19930401","4311410400","충청북도 청주시 청원구 사천동","200.","360220","28336","충청북도 청주시 청원구 새터로 224","(사천동, 새터초등학교)","36.6671971","127.4710638","043-212-0093","043-212-0095","http://school.cbe.go.kr/saeteo-e","남녀공학","N","","N"
"충청북도교육청","충청북도청주교육지원청","충청북도 청주시 흥덕구","S110000952","서원초등학교","02","공립","","N","단설","주간","19630902","19630902","4311311400","충청북도 청주시 흥덕구 복대동","977.","361814","28597","충청북도 청주시 흥덕구 가로수로 1340-6","(복대동)","36.631732","127.442075","043-237-4634","043-237-4638","http://school.cbe.go.kr/cjsw-e","남녀공학","N","","N"
"충청북도교육청","충청북도청주교육지원청","충청북도 청주시 흥덕구","S110000953","서촌초등학교","02","공립","","N","단설","주간","19580401","19580828","4311312500","충청북도 청주시 흥덕구 서촌동","183.","361410","28358","충청북도 청주시 흥덕구 동촌로 126","(서촌동, 서촌초등학교)","36.650557","127.39945","043-231-0374","043-233-1204","http://school.cbe.go.kr/seochon-e/M01/","남녀공학","N","","N"
"충청북도교육청","충청북도청주교육지원청","충청북도 청주시 상당구","S110000954","석교초등학교","02","공립","","N","단설","주간","19370331","19370331","4311111100","충청북도 청주시 상당구 석교동","10 번지.","360060","28724","충청북도 청주시 상당구 대성로 14",", 석교초등학교 (석교동)","36.6267429","127.4941729","043-252-9602","043-257-3083","http://school.cbe.go.kr/sokkyo-e","남녀공학","N","","N"
"충청북도교육청","충청북도청주교육지원청","충청북도 청주시 서원구","S110000955","수곡초등학교","02","공립","","N","단설","주간","19950301","19950301","4311210700","충청북도 청주시 서원구 수곡동","779.","361150","28688","충청북도 청주시 서원구 수곡로 73","(수곡동, 수곡초등학교)","36.6183643","127.4711256","043-299-3799","043-291-2080","school.cbe.go.kr/sukok-e","남녀공학","N","","N"
"충청북도교육청","충청북도청주교육지원청","충청북도 청주시 상당구","S110000956","용담초등학교","02","공립","","N","단설","주간","19710305","19701112","4311112100","",".","","28519","충청북도 청주시 상당구 용담로105번길 32",", 용담초등학교 (용담동)","36.6363369","127.5013846","043-256-2398","043-257-3088","www.yongdarm.es.kr","남녀공학","N","","N"
"충청북도교육청","충청북도청주교육지원청","충청북도 청주시 상당구","S110000957","용담초등학교현양원분교장","02","공립","","Y","단설","주간","19831004","19831004","4311113000","충청북도 청주시 상당구 월오동","71-1.","360188","28756","충청북도 청주시 상당구 산성로658번길 301",", 용담초등학교 현양원분교장 (월오동)","36.6423404","127.538625","043-253-4763","043-256-3180","www.yongdarm.es.kr","남녀공학","N","","N"
"충청북도교육청","충청북도청주교육지원청","충청북도 청주시 상당구","S110000958","용암초등학교","02","공립","","N","단설","주간","19940524","19940524","4311112400","충청북도 청주시 상당구 용암동","2103.","360811","28769","충청북도 청주시 상당구 원봉로 55",", 용암초등학교 (용암동)","36.613931","127.508077","043-294-0122","043-294-0125","http://school.cbe.go.kr/cjyongam-e","남녀공학","N","","N"
"충청북도교육청","충청북도청주교육지원청","충청북도 청주시 청원구","S110000960","우암초등학교","02","공립","","N","단설","주간","19640804","19640804","4311410100","",".","","28505","충청북도 청주시 청원구 상당로 204","(우암동, 청주우암초등학교)","36.6474665","127.4904519","043-256-3487","043-257-3087","https://school.cbe.go.kr/cjuam-e/M01","남녀공학","N","","N"
"충청북도교육청","충청북도청주교육지원청","충청북도 청주시 상당구","S110000961","운동초등학교","02","공립","","N","단설","주간","19741018","19711130","4311112900","충청북도 청주시 상당구 운동동","430.","360187","28785","충청북도 청주시 상당구 운동로 31","(용암동, 운동초등학교)","36.36239","127.30473","043-287-0681","043-287-0757","http://school.cbe.go.kr/undong-e/M01","남녀공학","N","","N"
"충청북도교육청","충청북도청주교육지원청","충청북도 청주시 흥덕구","S110000962","운천초등학교","02","공립","","N","병설","주간","19720901","19720901","4311310400","",".","","28467","충청북도 청주시 흥덕구 무심서로 721",", 운천초등학교 (운천동)","36.6544457","127.4733132","043-267-6626","043-267-1219","https://school.cbe.go.kr/uncheon-e","남녀공학","N","","N"
"충청북도교육청","충청북도청주교육지원청","충청북도 청주시 상당구","S110000964","원봉초등학교","02","공립","","N","단설","주간","19980507","19960404","4311112400","충청북도 청주시 상당구 용암동","1328 (장수바위로 81).","360823","28772","충청북도 청주시 상당구 월평로 153번길 25",", 원봉초등학교 (용암동)","36.612799","127.50185","043-294-0652","043-294-0655","school.cbe.go.kr/wonbong-e","남녀공학","N","","N"
"충청북도교육청","충청북도청주교육지원청","충청북도 청주시 서원구","S110000965","원평초등학교","02","공립","","N","단설","주간","19960404","19960404","4311210600","충청북도 청주시 흥덕구 분평동","1263번지.","361201","28794","충청북도 청주시 서원구 원마루로 32",", 원평초등학교 (분평동)","36.61132","127.495564","043-295-2721","043-295-2725","school.cbe.go.kr/wonpyong-e","남녀공학","N","","N"
"충청북도교육청","충청북도청주교육지원청","충청북도 청주시 청원구","S110000966","율량초등학교","02","공립","","N","단설","주간","19920415","19910321","4311410300","충청북도 청주시 청원구 율량동","1034.","360819","28333","충청북도 청주시 청원구 율봉로212번길 14","(율량동)","36.6679784","127.4913803","043-211-2795","043-211-2799","school.cbe.go.kr/yullyang-e","남녀공학","N","","N"
"충청북도교육청","충청북도청주교육지원청","충청북도 청주시 상당구","S110000967","주성초등학교","02","공립","","N","단설","주간","18960917","18960917","4311110100","충청북도 청주시 상당구 영동","48-1.","360020","28546","충청북도 청주시 상당구 교서로 45",", 주성초등학교 (영동, 주성초등학교)","36.641424","127.4852","043-256-5145","043-257-3081","http://school.cbe.go.kr/jusung-e/","남녀공학","N","","N"
"충청북도교육청","충청북도청주교육지원청","충청북도 청주시 청원구","S110000968","중앙초등학교","02","공립","","N","단설","주간","19460921","19460921","4311410300","충청북도 청주시 상당구 율량동","4.","360210","28321","충청북도 청주시 청원구 율봉로 287","(율량동)","36.667335","127.501032","043-256-2687","043-257-3084","http://school.cbe.go.kr/jungang-e/M01","남녀공학","N","","N"
"충청북도교육청","충청북도청주교육지원청","충청북도 청주시 흥덕구","S110000969","증안초등학교","02","공립","","N","단설","주간","19980413","19980413","4311311400","충청북도 청주시 흥덕구 복대동","2610.","361270","28416","충청북도 청주시 흥덕구 진재로47번길 45","(복대동)","36.634368","127.427514","043-236-4101","043-236-4104","http://school.cbe.go.kr/jeungan-e","남녀공학","N","","N"
"충청북도교육청","충청북도청주교육지원청","충청북도 청주시 흥덕구","S110000970","진흥초등학교","02","공립","","N","단설","주간","19991004","19970502","4311311400","충청북도 청주시 흥덕구 복대1동","3031.","361815","28421","충청북도 청주시 흥덕구 증안로 107",", 진흥초등학교 (복대동)","36.636117","127.434876","043-232-3291","043-232-3293","http://www.jinhung.es.kr","남녀공학","N","","N"
"충청북도교육청","충청북도청주교육지원청","충청북도 청주시 서원구","S110000971","창신초등학교","02","공립","","N","단설","주간","19780307","19780307","4311210200","충청북도 청주시 서원구 사창동","351.","361833","28664","충청북도 청주시 서원구 1순환로709번길 44","(사창동, 창신초등학교)","36.629772","127.464081","043-290-8405","043-267-1220","http://school.cbe.go.kr/changsincho-e","남녀공학","N","","N"
"충청북도교육청","충청북도청주교육지원청","충청북도 청주시 상당구","S110000972","청남초등학교","02","공립","","N","단설","주간","19041101","19041101","4311111900","충청북도 청주시 상당구 영운동","127 청남초등학교.","360090","28737","충청북도 청주시 상당구 단재로 109","(영운동)","36.620132","127.497413","043-224-7790","043-224-7797","https://school.cbe.go.kr/chnam-e","남녀공학","N","","N"
"충청북도교육청","충청북도청주교육지원청","충청북도 청주시 흥덕구","S110000974","풍광초등학교","02","공립","","N","단설","주간","19940301","19940301","4311311300","충청북도 청주시 흥덕구 가경동","1172.","361800","28393","충청북도 청주시 흥덕구 풍산로47번길 58",", 풍광초등학교 (가경동)","36.629482","127.435255","043-261-1001","043-261-1005","school.cbe.go.kr/pungkwang-e","남녀공학","N","","N"
"충청북도교육청","충청북도청주교육지원청","충청북도 청주시 서원구","S110000975","한벌초등학교","02","공립","","N","병설","주간","19460901","19460901","4311210100","충청북도 청주시 흥덕구 사직1동","560.","361101","28556","충청북도 청주시 서원구 흥덕로 16",", 한벌초등학교 (사직동)","36.6370857","127.474786","043-267-7973","043-267-1215","http://school.cbe.go.kr/hanbol-e/M01/","남녀공학","N","","N"
"충청북도교육청","충청북도청주교육지원청","충청북도 청주시 서원구","S110000976","한솔초등학교","02","공립","","N","병설","주간","19920421","19910301","4311210700","충청북도 청주시 흥덕구 수곡동","322.","361150","28683","충청북도 청주시 서원구 구룡산로 291",", 한솔초등학교 (수곡동)","36.624688","127.476939","043-287-6078","043-287-3766","http://school.cbe.go.kr/hansol-e/","남녀공학","N","","N"
"충청북도교육청","충청북도청주교육지원청","충청북도 청주시 흥덕구","S110000978","흥덕초등학교","02","공립","","N","병설","주간","19880317","19880317","4311310400","충청북도 청주시 흥덕구 운천동","865.","361841","28472","충청북도 청주시 흥덕구 흥덕로 121",", 흥덕초등학교 (운천동)","36.645382","127.473113","043-265-4993","043-267-1228","school.cbe.go.kr/hungdok-e","남녀공학","N","","N"
"충청북도교육청","충청북도충주교육지원청","충청북도 충주시","S110000997","중앙탑초등학교","02","공립","","N","단설","주간","19330501","19330501","4313038521","충청북도 충주시 중앙탑면 탑평리","212-1.","380921","380921","충청북도 충주시 중앙탑면 첨단산업로 670","(중앙탑면)","37.026885972","127.8553128858","043-855-0007","043-853-1035","www.jungangtap.es.kr","남녀공학","Y","20180301","N"
"충청북도교육청","충청북도충주교육지원청","충청북도 충주시","S110000998","가흥초등학교","02","공립","","N","단설","주간","19450401","19450401","4313038523","충청북도 충주시 중앙탑면 가흥리","582-8번지.","380921","27446","충청북도 충주시 중앙탑면 가곡로 2037",", 가흥초등학교 (중앙탑면)","37.0768332159","127.854254278","043-855-7080","043-854-9025","http://school.cbe.go.kr/gaheung-e/M01","남녀공학","N","","N"
"충청북도교육청","충청북도충주교육지원청","충청북도 충주시","S110000999","강천초등학교","02","공립","","N","단설","주간","19430331","19430331","4313037027","충청북도 충주시 앙성면 목미리","89-2.","380860","27300","충청북도 충주시 앙성면 학교말2길 50",", 강천초등학교 (앙성면)","37.1629594","127.7519787","043-857-2921","043-857-9935","http://www.kangcheon.es.kr","남녀공학","Y","20190228","N"
"충청북도교육청","충청북도충주교육지원청","충청북도 충주시","S110001003","금가초등학교","02","공립","","N","병설","주간","19240425","19240425","4313039030","충청북도 충주시 금가면 도촌리","400-1.","380821","27442","충청북도 충주시 금가면 가마골길 16",", 금가초등학교 (금가면)","37.0442533","127.9224257","043-853-2106","043-853-8973","school.cbe.go.kr/gumga-e","남녀공학","N","","N"
"충청북도교육청","충청북도충주교육지원청","충청북도 충주시","S110001005","남한강초등학교","02","공립","","N","단설","주간","19650304","19640804","4313012700","충청북도 충주시 문화동","1924.","380958","27410","충청북도 충주시 사직산6길 20","(문화동)","36.9695819","127.9260686","043-848-7111","043-847-1810","school.cbe.go.kr/namhangang-e","남녀공학","Y","20200229","N"
"충청북도교육청","충청북도충주교육지원청","충청북도 충주시","S110001006","노은초등학교","02","공립","","N","단설","주간","19210428","19200428","4313036021","충청북도 충주시 노은면 연하리","535-2.","27452","27452","충청북도 충주시 노은면 연하중앙길 27",", 노은초등학교 (노은면)","37.048517","127.7553","043-853-1920","043-853-5554","http://school.cbe.go.kr/noeun-e","남녀공학","N","","N"
"충청북도교육청","충청북도충주교육지원청","충청북도 충주시","S110001008","노은초등학교수상분교장","02","공립","","Y","단설","주간","19540428","19540415","4313036023","충청북도 충주시 노은면 안락리","119.","380912","","","","37.051467","127.71535","043-853-5919","043-853-4230","http://noun.es.kr","남녀공학","Y","20130228","N"
"충청북도교육청","충청북도충주교육지원청","충청북도 충주시","S110001011","단월초등학교","02","공립","","N","단설","주간","19461001","19460901","4313010900","충청북도 충주시 단월동","513.","27478","27478","충청북도 충주시 신대2길 12",", 단월초등학교 (단월동,단월초교)","36.9480855","127.899899","043-851-2721","043-851-2867","http://school.cbe.go.kr/danweol-e","남녀공학","N","","N"
"충청북도교육청","충청북도충주교육지원청","충청북도 충주시","S110001012","달천초등학교","02","공립","","N","단설","주간","19470401","19470401","4313011300","충청북도 충주시 용두동","411.","380210","27475","충청북도 충주시 중원대로 3846",", 달천초등학교 (용두동)","36.963042","127.878919","043-853-2721","043-853-3064","http://school.cbe.go.kr/dalcheon-e/","남녀공학","N","","N"
"충청북도교육청","충청북도충주교육지원청","충청북도 충주시","S110001013","달천초등학교매현분교장","02","공립","","Y","단설","주간","19440410","19440410","4313033527","충청북도 충주시 이류면 매현리","480.","380874","27474","충청북도 충주시 대소원면 매현새터2길 10",", 달천초등학교 매현분교 (대소원면)","36.90811","127.870473","043-856-9073","043-856-4817","http://school.cbe.go.kr/dalcheon-e/","남녀공학","N","","N"
"충청북도교육청","충청북도충주교육지원청","충청북도 충주시","S110001015","대미초등학교","02","공립","","N","병설","주간","19580813","19580813","4313040027","충청북도 충주시 동량면 대전리","1517.","380812","27443","충청북도 충주시 동량면 대미길 62","(동량면)","37.0338819132","127.9295603628","043-853-3162","043-853-3612","http://school.cbe.go.kr/daemi-e/","남녀공학","N","","N"
"충청북도교육청","충청북도충주교육지원청","충청북도 충주시","S110001016","대소원초등학교","02","공립","","N","단설","주간","19190905","19190625","4313033531","충청북도 충주시 대소원면 본리","569-15.","380871","27472","충청북도 충주시 대소원면 대소새마을길 10","(대소원면)","36.9755821","127.8252688","043-845-1022","043-848-8780","cjtaesowon.es.kr","남녀공학","Y","20200229","N"
"충청북도교육청","충청북도충주교육지원청","충청북도 충주시","S110001017","덕신초등학교","02","공립","","N","단설","주간","19461001","19461001","4313025028","",".","","27460","충청북도 충주시 주덕읍 매남구술길 12",", 덕신초등학교 (주덕읍,덕신초등학교)","36.9938372","127.7839348","043-846-6333","043-851-3561","http://school.cbe.go.kr/deoksin-e","남녀공학","N","","N"
"충청북도교육청","충청북도충주교육지원청","충청북도 충주시","S110001019","동락초등학교","02","공립","","N","단설","주간","19460930","19460930","4313035025","충청북도 충주시 신니면 문락리","126.","380892","27455","충청북도 충주시 신니면 신덕로 301",", 동락초등학교 (신니면)","37.002962","127.686128","043-857-3107","043-857-9049","www.tongrak.es.kr","남녀공학","Y","20220228","N"
"충청북도교육청","충청북도충주교육지원청","충청북도 충주시","S110001020","동량초등학교","02","공립","","N","병설","주간","19310427","19310427","4313040000","충청북도 충주시 동량면","조동리 1426-1번지.","380814","27320","충청북도 충주시 동량면 대전조돈길 395",", 동량초등학교 (동량면)","37.027313106","127.9647462905","043-851-0413","043-851-2666","http://www.dongryang.es.kr","남녀공학","N","","N"
"충청북도교육청","충청북도충주교육지원청","충청북도 충주시","S110001030","엄정초등학교목계분교장","02","공립","","Y","단설","주간","19491130","19491130","4313042023","충청북도 충주시 엄정면 목계리","111.","380840","","","","","","038521516","043-851-4764","","","Y","20090301","N"
"충청북도교육청","충청북도충주교육지원청","충청북도 충주시","S110001031","목행초등학교","02","공립","","N","단설","주간","19460901","19460901","4313011900","충청북도 충주시 목행동","577-1.","380240","27435","충청북도 충주시 목행초길 16",", 목행초등학교 (목행동)","37.007828","127.918257","043-853-2904","043-853-3375","http://school.cbe.go.kr/mokhaeng-e/","남녀공학","N","","N"
"충청북도교육청","충청북도충주교육지원청","충청북도 충주시","S110001034","산척초등학교","02","공립","","N","단설","주간","19320604","19320604","4313041021","충청북도 충주시 산척면 송강리","1282-1.","380832","27315","충청북도 충주시 산척면 천등박달로 134","(산척면,산척초등학교)","37.079833","127.957688","043-853-6208","043-853-8519","http://school.cbe.go.kr/sancheok-e","남녀공학","N","","N"
"충청북도교육청","충청북도충주교육지원청","충청북도 충주시","S110001045","세성초등학교","02","공립","","N","단설","주간","19360401","19360401","4313031021","충청북도 충주시 살미면 세성1리","147번지 세성초등학교.","380933","27493","충청북도 충주시 살미면 매남이길 31",", 세성초등학교 (살미면)","36.9049854","127.9681946","043-851-6800","043-852-9045","school.cbe.go.kr/sesung-e","남녀공학","N","","N"
"충청북도교육청","충청북도충주교육지원청","충청북도 충주시","S110001049","소태초등학교","02","공립","","N","단설","주간","19300331","19300331","4313043021","충청북도 충주시 소태면 오량리","199.","380852","27307","충청북도 충주시 소태면 쟁골2길 1",", 소태초등학교 (소태면)","37.111074","127.846713","043-855-0618","043-855-5080","http://school.cbe.go.kr/sotae-e/","남녀공학","N","","N"
"충청북도교육청","충청북도충주교육지원청","충청북도 충주시","S110001053","수안보초등학교","02","공립","","N","단설","주간","19210520","19210520","4313032522","충청북도 충주시 수안보면 안보리","598.","380942","27498","충청북도 충주시 수안보면 동진이1길 24","(수안보면)","36.8449336","127.9993799","043-846-2104","043-848-3622","http://school.cbe.go.kr/suanbo-e","남녀공학","N","","N"
"충청북도교육청","충청북도충주교육지원청","충청북도 충주시","S110001057","수회초등학교","02","공립","","N","단설","주간","19460901","19460901","4313032528","충청북도 충주시 수안보면 수회리","672.","380941","27495","충청북도 충주시 수안보면 수회리로 88","(수안보면,수회초등학교)","36.8779046","127.9744198","043-848-3408","043-847-6886","http://school.cbe.go.kr/suhoe-e","남녀공학","N","","N"
"충청북도교육청","충청북도충주교육지원청","충청북도 충주시","S110001060","앙성초등학교","02","공립","","N","단설","주간","19260601","19260601","4313037030","충청북도 충주시 앙성면 용대리","275번지.","380862","27303","충청북도 충주시 앙성면 내용2길 38",", 앙성초등학교 (앙성면)","37.106415","127.758213","043-855-0788","043-855-1885","https://school.cbe.go.kr/angseong-e/","남녀공학","N","","N"
"충청북도교육청","충청북도충주교육지원청","충청북도 충주시","S110001062","야동초등학교","02","공립","","N","단설","주간","19370425","19370425","4313043026","충청북도 충주시 소태면 야동리","487번지.","380851","27308","충청북도 충주시 소태면 구룡로 769","(소태면)","37.100013","127.877577","043-855-4751","043-855-5290","http://school.cbe.go.kr/yadong-e/M01","남녀공학","Y","20200229","N"
"충청북도교육청","충청북도충주교육지원청","충청북도 충주시","S110001064","엄정초등학교","02","공립","","N","단설","주간","19150915","19150915","4313042021","충청북도 충주시 엄정면 용산리","460.","380843","27313","충청북도 충주시 엄정면 내창로 199-5","(엄정면, 엄정초등학교)","37.087507","127.916138","043-852-4500","043-852-8825","http://school.cbe.go.kr/eomjeong-e/","남녀공학","N","","N"
"충청북도교육청","충청북도충주교육지원청","충청북도 충주시","S110001065","연수초등학교","02","공립","","N","단설","주간","19930527","19930527","4313011800","충청북도 충주시 연수동","1232번지.","380963","27345","충청북도 충주시 번영대로 181",", 연수초등학교 (연수동)","36.988052","127.938451","043-846-9986","043-844-9984","http://school.cbe.go.kr/yonsu-e/","남녀공학","N","","N"
"충청북도교육청","충청북도충주교육지원청","충청북도 충주시","S110001068","오석초등학교","02","공립","","N","단설","주간","19520324","19520324","4313039023","충청북도 충주시 금가면 유송리","226-3.","380823","27445","충청북도 충주시 금가면 김생로 456","(금가면)","36.9","127.9","043-848-3882","043-848-3881","https://school.cbe.go.kr/oseok-e","남녀공학","N","","N"
"충청북도교육청","충청북도충주교육지원청","충청북도 충주시","S110001069","충주용산초등학교","02","공립","","N","단설","주간","19990901","19990901","4313010600","충북 충주시 용산동","1671번지 충주용산초등학교.","380090","27397","충청북도 충주시 남산로 109","(용산동)","36.9627616","127.9442947","043-847-1550","043-843-0626","http://school.cbe.go.kr/cjyongsan-e","남녀공학","N","","N"
"충청북도교육청","충청북도충주교육지원청","충청북도 충주시","S110001070","용원초등학교","02","공립","","N","단설","주간","19210424","19210424","4313035021","충북 충주시 신니면 용원리","245-3.","380891","27457","충청북도 충주시 신니면 안용원로 6","(신니면)","36.9955727","127.7349253","043-852-0132","043-852-6408","http://school.cbe.go.kr/yongwon-e","남녀공학","N","","N"
"충청북도교육청","충청북도충주교육지원청","충청북도 충주시","S110001075","주덕초등학교","02","공립","","N","단설","주간","19340510","19340510","4313025025","충청북도 충주시 주덕읍 신중리","72번지.","380881","27462","충청북도 충주시 주덕읍 신중신촌2길 10",", 주덕초등학교 (주덕읍)","36.976223","127.78716","043-846-0020","043-852-8771","https://school.cbe.go.kr/judeok-e","남녀공학","N","","N"
"충청북도교육청","충청북도충주교육지원청","충청북도 충주시","S110001079","충주교현초등학교","02","공립","","N","단설","주간","19050404","18960917","4313010500","충청북도 충주시 교현동","339-1번지.","380950","27384","충청북도 충주시 교동2길 15","(교현동)","36.974651","127.9365707","043-848-4693","043-848-4694","http://school.cbe.go.kr/khcho-e/M01","남녀공학","N","","N"
"충청북도교육청","충청북도충주교육지원청","충청북도 충주시","S110001080","충주남산초등학교","02","공립","","N","단설","주간","19370401","19370401","4313010600","충청북도 충주시 용산동","2109번지 (훈정3길 31).","380090","27401","충청북도 충주시 거룡2길 31",", 충주남산초등학교 (용산동)","36.9609899","127.9369396","043-847-2834","043-848-2629","http://school.cbe.go.kr/cjnamsan-e","남녀공학","N","","N"
"충청북도교육청","충청북도충주교육지원청","충청북도 충주시","S110001081","충주대림초등학교","02","공립","","N","단설","주간","19870407","19870407","4313012700","충청북도 충주시 문화동","181번지.","380180","27419","충청북도 충주시 대림1길 28","(문화동,충주대림초등학교)","36.968959","127.917735","043-854-4472","043-854-4477","school.cbe.go.kr/daerim-e","남녀공학","N","","N"
"충청북도교육청","충청북도충주교육지원청","충청북도 충주시","S110001082","충주삼원초등학교","02","공립","","N","단설","주간","19460901","19460901","4313011500","충청북도 충주시 봉방동","11-1.","27427","27427","충청북도 충주시 삼원로 128","(봉방동,삼원초등학교)","36.9","127.9","043-847-2829","043-842-1138","http://school.cbe.go.kr/samwon-e","남녀공학","N","","N"
"충청북도교육청","충청북도충주교육지원청","충청북도 충주시","S110001083","충주성남초등학교","02","공립","","N","단설","주간","19710402","19701112","4313010500","충청북도 충주시 교현동","293-1.","380950","27395","충청북도 충주시 염밭로 101",", 충주성남초등학교 (교현동)","36.9665272","127.9415579","043-848-0043","043-842-2151","http://school.cbe.go.kr/cjsungnam-e","남녀공학","N","","N"
"충청북도교육청","충청북도충주교육지원청","충청북도 충주시","S110001087","충주예성초등학교","02","공립","","N","단설","주간","19460916","19460916","4313010500","충청북도 충주시 교현2동","383-1.","380950","27375","충청북도 충주시 주봉1길 25",", 충주예성초등학교 (교현동)","36.9794003","127.9329334","043-856-5412","043-848-3385","http://yesung.es.kr/","남녀공학","N","","N"
"충청북도교육청","충청북도충주교육지원청","충청북도 충주시","S110001089","충주중앙초등학교","02","공립","","N","단설","주간","19920319","19910321","4313011800","충청북도 충주시 연수동","1003.","380963","27349","충청북도 충주시 연원5길 19",", 충주중앙초등학교 (연수동)","36.9842829","127.930421","043-844-2902","043-843-7233","http://www.chungjuja.es.kr","남녀공학","N","","N"
"충청북도교육청","충청북도충주교육지원청","충청북도 충주시","S110001090","칠금초등학교","02","공립","","N","단설","주간","19990301","19990301","4313011600","충청북도 충주시 칠금동","727.","27358","27358","충청북도 충주시 칠금18길 21","(칠금동,칠금초등학교)","36.9844305","127.9233841","043-848-0997","043-844-6420","http://school.cbe.go.kr/chilgum-e","남녀공학","N","","N"
"충청북도교육청","충청북도충주교육지원청","충청북도 충주시","S110001091","탄금초등학교","02","공립","","N","단설","주간","19970301","19970301","4313011600","충청북도 충주시 칠금동","824.","380965","27359","충청북도 충주시 우륵로 55","(칠금동)","36.59","127.55","043-854-3202","043-854-3205","http://school.cbe.go.kr/tangum-e/","남녀공학","N","","N"
"충청북도교육청","충청북도영동교육지원청","충청북도 영동군","S110001837","초강초등학교","02","공립","","N","단설","주간","19230517","19230517","4374040033","충청북도 영동군 심천면 초강리","459.","370851","29104","충청북도 영동군 심천면 초강로 97","(심천면, 초강초등학교)","36.2168702","127.7143535","043-742-6260","043-742-8717","http://chogang.es.kr","남녀공학","N","","N"
"충청북도교육청","충청북도제천교육지원청","충청북도 제천시","S110001845","장락초등학교","02","공립","","N","단설","주간","20020301","20030301","4315011600","충청북도 제천시 장락동 1~729","626번지.","390894","27148","충청북도 제천시 죽하로 25","(장락동)","37.1545904","128.2227875","043-652-8792","043-652-8796","http://school.cbe.go.kr/jangnak-e/M01","남녀공학","N","","N"
"충청북도교육청","충청북도청주교육지원청","충청북도 청주시 서원구","S110001857","죽림초등학교","02","공립","","N","단설","주간","20050301","20050301","4311211000","충청북도 청주시 서원구 죽림동","293.","361250","28387","충청북도 청주시 서원구 대림로 473",", 죽림초등학교 (죽림동)","36.612509","127.443073","043-237-3467","043-237-3470","http://school.cbe.go.kr/jukrim-e","남녀공학","N","","N"
"충청북도교육청","충청북도청주교육지원청","충청북도 청주시 상당구","S110001858","산성초등학교","02","공립","","N","단설","주간","20050301","20040901","4311112100","충청북도 청주시 상당구 용담동","438.","360190","28746","충청북도 청주시 상당구 호미로 306","(용담동)","36.633705","127.510861","043-299-0505","043-284-1297","school.cbe.go.kr/cjss-e","남녀공학","N","","N"
"충청북도교육청","충청북도청주교육지원청","충청북도 청주시 청원구","S110001859","주중초등학교","02","공립","","N","단설","주간","20040301","20040301","4311410600","충청북도 청주시 청원구 주중동","173-3.","360568","28325","충청북도 청주시 청원구 주성로 223",", 주중초등학교 (주중동)","36.6721422","127.4917183","043-215-3104","043-215-3105","http://school.cbe.go.kr/joojoong-e","남녀공학","N","","N"
"충청북도교육청","충청북도청주교육지원청","충청북도 청주시 청원구","S110001860","사천초등학교","02","공립","","N","단설","주간","20050430","20050301","4311410400","충청북도 청주시 청원구 사천동","26-1번지 일원.","360220","28337","충청북도 청주시 청원구 주성로 121","(사천동)","36.670582","127.479921","043-212-1642","043-212-1644","http://school.cbe.go.kr/cbsachon-e","남녀공학","N","","N"
"충청북도교육청","충청북도청주교육지원청","충청북도 청주시 흥덕구","S110001861","서경초등학교","02","공립","","N","단설","주간","20040419","20040301","4311311300","충청북도 청주시 흥덕구 가경동 1510~1750","1584.","361803","28410","충청북도 청주시 흥덕구 서경로 19","(가경동)","36.6184262","127.4415668","043-236-6412","043-236-6415","http://www.cjsk.es.kr","남녀공학","N","","N"
"충청북도교육청","충청북도청주교육지원청","충청북도 청주시 흥덕구","S110001862","봉덕초등학교","02","공립","","N","단설","주간","20040423","20040301","4311311500","충청북도 청주시 흥덕구 봉명동","2553.","361820","28464","충청북도 청주시 흥덕구 덕암로68번길 9",", 봉덕초등학교 (봉명동)","36.652657","127.462313","043-273-9768","043-273-9766","http://school.cbe.go.kr/cjbongduk-e/M01","남녀공학","N","","N"
"충청북도교육청","충청북도청주교육지원청","충청북도 청주시 상당구","S110001863","용성초등학교","02","공립","","N","단설","주간","20030901","20030901","4311112400","충북 청주시 상당구 용암동","2840.","360812","28762","충청북도 청주시 상당구 호미로 167",", 14 (용암동)","36.6240737","127.5166875","043-285-9894","043-285-9896","http://school.cbe.go.kr/ys2003-e","남녀공학","N","","N"
"충청북도교육청","충청북도제천교육지원청","충청북도 제천시","S110001865","내토초등학교","02","공립","","N","병설","주간","20041025","20040901","4315012000","충청북도 제천시 신백동","132번지.","27178","27178","충청북도 제천시 관전로 99","(신백동)","37.1341112","128.2286987","043-642-5270","043-645-5270","http://www.naeto.es.kr","남녀공학","N","","N"
"충청북도교육청","충청북도충주교육지원청","충청북도 충주시","S110001872","충주금릉초등학교","02","공립","","N","단설","주간","20060417","20060301","4313012800","충청북도 충주시 금릉동","31-5번지.","380230","27330","충청북도 충주시 금봉대로 792","(금릉동)","36.9946004","127.9304915","043-846-9780","043-846-9785","school.cbe.go.kr/cjgn-e","남녀공학","N","","N"
"충청북도교육청","충청북도청주교육지원청","충청북도 청주시 서원구","S110001874","산남초등학교","02","공립","","N","단설","주간","20070501","20070301","4311210400","",".","","28623","충청북도 청주시 서원구 산남로 102","(산남동, 산남초등학교)","36.6116021","127.462314","043-285-2562","043-285-2566","https://school.cbe.go.kr/sn-e","남녀공학","N","","N"
"충청북도교육청","충청북도청주교육지원청","충청북도 청주시 서원구","S110001878","샛별초등학교","02","공립","","N","단설","주간","20070301","20070301","4311210400","충청북도 청주시 흥덕구 산남동","1095번지.","361160","28628","충청북도 청주시 서원구 원흥로 24","(산남동)","36.6087722","127.4716722","043-284-8127","043-284-8130","https://school.cbe.go.kr/newstar-e/","남녀공학","N","","N"
"충청북도교육청","충청북도청주교육지원청","충청북도 청주시 청원구","S110001886","비봉초등학교","02","공립","","N","단설","주간","20060901","20060901","4311425346","충청북도 청주시 청원구 오창읍 구룡리","395번지.","363884","28121","충청북도 청주시 청원구 오창읍 구룡2길 10","(오창읍)","36.7130081","127.4135475","043-217-9460","043-217-9463","http://school.cbe.go.kr/bibong-e","남녀공학","N","","N"
"충청북도교육청","충청북도옥천교육지원청","충청북도 옥천군","S110001889","장야초등학교","02","공립","","N","단설","주간","20100301","20100301","4373025037","충청북도 옥천군 옥천읍 장야리","168.","373805","29045","충청북도 옥천군 옥천읍 장야3길 25","(옥천읍)","36.29655","127.579985","043-733-3673","043-733-3675","http://school.cbe.go.kr/jy","남녀공학","N","","N"
"충청북도교육청","충청북도청주교육지원청","충청북도 청주시 서원구","S110001891","성화초등학교","02","공립","","N","단설","주간","20070901","20070901","4311210800","충청북도 청주시 흥덕구 신화로 22",".","361230","28638","충청북도 청주시 서원구 신화로 22",", 성화초등학교 (성화동)","36.616031","127.455015","043-716-0232","043-716-0236","https://school.cbe.go.kr/cjsh-e/","남녀공학","N","","N"
"충청북도교육청","충청북도충주교육지원청","충청북도 충주시","S110001919","국원초등학교","02","공립","","N","단설","주간","20080301","20080301","4313011800","충북 충주시 연수동","1661.","380100","27372","충청북도 충주시 국원초1길 47",", 국원초등학교 (연수동)","36.981083","127.944178","043-723-2300","043-723-2303","http://school.cbe.go.kr/gukwon-e","남녀공학","N","","N"
"충청북도교육청","충청북도청주교육지원청","충청북도 청주시 흥덕구","S110001951","서현초등학교","02","공립","","N","단설","주간","20080901","20080901","4311311300","",".","","28383","충청북도 청주시 흥덕구 서현중로 7",", 서현초등학교 (가경동)","36.6195474803","127.429948572","043-715-1304","043-715-1307","http://school.cbe.go.kr/cjseohyun-e","남녀공학","N","","N"
"충청북도교육청","충청북도청주교육지원청","충청북도 청주시 흥덕구","S110001955","직지초등학교","02","공립","","N","단설","주간","20090301","20090301","4311311400","충청북도 청주시 흥덕구 복대동","직지초등학교.","28583","28583","충청북도 청주시 흥덕구 공단로99번길 22",", 직지초등학교 (복대동)","36.6399282","127.4379232","043-715-8201","043-715-8205","http://www.jikjicb.es.kr","남녀공학","N","","N"
"충청북도교육청","충청북도청주교육지원청","충청북도 청주시 흥덕구","S110001958","솔밭초등학교","02","공립","","N","단설","주간","20101025","20100901","4311311400","충청북도 청주시 흥덕구 복대동","288-9.","361270","28428","충청북도 청주시 흥덕구 대농로 42","(복대동)","36.641452","127.426292","043-715-8501","043-715-8506","http://solbat.es.kr","남녀공학","N","","N"
"충청북도교육청","충청북도음성교육지원청","충청북도 음성군","S110001998","동성초등학교","02","공립","","N","단설","주간","20140301","20140301","4377033027","충청북도 음성군 맹동면 본성리","292-1.","369811","27738","충청북도 음성군 맹동면 학예로 50",", 동성초등학교 (맹동면)","36.9130216","127.5441132","043-750-5200","043-750-5299","http://school.cbe.go.kr/ds-e/","남녀공학","N","","N"
"충청북도교육청","충청북도청주교육지원청","충청북도 청주시 청원구","S110002003","양청초등학교","02","공립","","N","병설","주간","20190301","20190301","4311425345","충청북도 청주시 청원구 오창읍 양청리","..","363880","28115","충청북도 청주시 청원구 오창읍 양청리",", 702 (오창읍, 양청초등학교)","36.6649344","127.4601472","043-213-9051","043-213-9053","http://school.cbe.go.kr/yc-e/","남녀공학","N","","N"
"충청북도교육청","충청북도청주교육지원청","충청북도 청주시 청원구","S110002005","창리초등학교","02","공립","","N","단설","주간","20150301","20150301","4311425332","충청북도 청주시 청원구 오창읍 주성리","566.","28117","28117","충청북도 청주시 청원구 2산단2로 32","(오창읍)","36.736652","127.4493161","043-715-6240","043-211-62450","http://school.cbe.go.kr/changri-e","남녀공학","N","","N"
"충청북도교육청","충청북도청주교육지원청","충청북도 청주시 흥덕구","S110002199","청주소로초등학교","02","공립","","N","병설","주간","20190503","20190301","4311332025","충청북도 청주시 흥덕구 옥산면 가락리",".","","28113","충청북도 청주시 흥덕구 옥산면 오송가락로 1020",", 청주소로초등학교","36.672427","127.390317","043-279-0602","043-279-0600","http://school.cbe.go.kr/cjsoro","남녀공학","N","","N"
"충청북도교육청","충청북도청주교육지원청","충청북도 청주시 흥덕구","S110002200","청주내곡초등학교","02","공립","","N","단설","주간","20190325","20190301","4311313400","충청북도 청주시 흥덕구 송절동",".","","28292","충청북도 청주시 흥덕구 송화로214번길 30",", (송절동)청주내곡초등학교","36.667208","127.457277","043-280-5601","043-280-5674","http://school.cbe.go.kr/cjnaegok-e","남녀공학","N","","N"
"충청북도교육청","충청북도진천교육지원청","충청북도 진천군","S110002201","진천상신초등학교","02","공립","","N","단설","주간","20190301","20190301","4375025325","충청북도 진천군 덕산읍 두촌리",".","","27872","충청북도 진천군 덕산읍 대월로 107","(덕산읍, 진천상신초등학교)","36.903744","127.541112","043-536-7795","043-536-1608","http://school.cbe.go.kr/jcsangsin-e","남녀공학","N","","N"
"충청북도교육청","충청북도청주교육지원청","충청북도 청주시 상당구","S110002202","단재초등학교","02","공립","","N","단설","주간","20190301","20190301","4311112600","충청북도 청주시 상당구 방서동",".","","28725","충청북도 청주시 상당구 단재로 350",", 단재초등학교 (방서동)","36.59953","127.50016","043-284-0061","297-0657","http://school.cbe.go.kr/danjae-e","남녀공학","N","","N"
"충청북도교육청","충청북도충주교육지원청","충청북도 충주시","S110002213","충주중앙탑초등학교","02","공립","","N","단설","주간","20180501","20180301","4313038526","",".","","27465","충청북도 충주시 중앙탑면 원앙4길 52",", 충주중앙탑초등학교 (중앙탑면)","37.016628","127.831368","043-855-0007","043-853-4606","http://school.cbe.go.kr/cjjungangtap-e/","남녀공학","N","","N"
"충청북도교육청","충청북도청주교육지원청","충청북도 청주시 청원구","S110002234","생명초등학교","02","공립","","N","병설","주간","20200901","20200901","4311425345","",".","","28118","충청북도 청주시 청원구 오창읍 중부로 772","(오창읍)","36.711987","127.438795","043-215-5392","043-215-5396","http://school.cbe.go.kr/saengmyeong-e","남녀공학","N","","N"
"충청북도교육청","충청북도충주교육지원청","충청북도 충주시","S110002236","충주대소원초등학교","02","공립","","N","단설","주간","20200301","20200301","4313033531","충청북도 충주시 대소원면 본리",".","","27466","충청북도 충주시 대소원면 첨단산업4로 48","(대소원면)","36.988899","127.827406","043-845-1022","043-848-8780","http://school.cbe.go.kr/cjdaesowon-e","남녀공학","N","","N"
"충청북도교육청","충청북도청주교육지원청","충청북도 청주시 흥덕구","S110002237","오송솔미초등학교","02","공립","","N","단설","주간","20250301","20250301","4311325031","충청북도 청주시 흥덕구 오송읍 봉산리 802",".","","28222","충청북도 청주시 흥덕구 오송읍 오송생명12로 83","오송솔미초등학교","","","043-231-7921","043-231-7911","http://school.cbe.go.kr/osongsolmi-e","남녀공학","N","","N"
"충청북도교육청","충청북도충주교육지원청","충청북도 충주시","S110002238","충주남한강초등학교","02","공립","","N","병설","주간","20200304","20200301","4313010700","충청북도 충주시 호암동",".","","27480","충청북도 충주시 호암수청2로 55","(호암동)","36.9551487443","127.9292537183","043-843-3809","043-847-1810","http://school.cbe.go.kr/cjnamhangang-e","남녀공학","N","","N"
"충청북도교육청","충청북도청주교육지원청","충청북도 청주시 상당구","S110002253","용아초등학교","02","공립","","N","단설","주간","20201010","20200901","4311112400","",".","","28807","충청북도 청주시 상당구 중고개로142번길 32-15","(용암동, 용아초등학교)","36.618207","127.522274","043-295-0182","043-295-0187","http://school.cbe.go.kr/yongah-e","남녀공학","N","","N"
"충청북도교육청","충청북도충주교육지원청","충청북도 충주시","S110002320","용원초등학교동락분교장","02","공립","","Y","부속","주간","20220301","20220301","4313035025","충청북도 충주시 신니면 문락리",".","","27455","충청북도 충주시 신니면 신덕로 301","(신니면, 동락분교장)","37.00321","127.68671","043-857-3107","043-857-9049","http://","남녀공학","N","","N"
"충청북도교육청","충청북도단양교육지원청","충청북도 단양군","S110002321","영춘초등학교별방분교장","02","공립","","Y","단설","주간","20220301","20220301","4380033031","충청북도 단양군 영춘면 별방리",".","","27017","충청북도 단양군 영춘면 별방창원로 449","(영춘면, 영춘초등학교별방분교장)","37.096424","128.4159272","043-422-8823","043-422-9560","http://school.cbe.go.kr/yeongchun-e","남녀공학","N","","N"
"충청북도교육청","충청북도보은교육지원청","충청북도 보은군","S110002322","판동초등학교송죽분교장","02","공립","","Y","단설","주간","19650310","20220301","4372035025","",".","","28923","충청북도 보은군 삼승면 남부로 3927","(삼승면, 판동초등학교 송죽분교장)","36.4","127.7","043-543-6509","043-543-0008","http://school.cbe.go.kr/songzuk-e","남녀공학","N","","N"